1, 71, 0, 211, 281, 0, 421, 491, 0, 631, 701, 0, 841, 911, 0, 1051, 1121, 0, 1261, 1331, 0, 1471, 1541, 0, 1681, 1751, 0, 1891, 1961, 0, 2101, 2171, 0, 2311, 2381, 0, 2521, 2591, 0, 2731, 2801, 0, 2941, 3011, 0, 3151, 3221, 0, 3361, 3431, 0, 3571, 3641, 0, 3781, 3851, 0, 3991, 4061, 0, 4201, 4271, 0, 4411, 4481, 0, 4621, 4691, 0, 4831
0, 0, 0, 0, 0, 0, 0, 0, 0, 0, 0, 0, 0, 0, 0, 0, 0, 0, 0, 0, 0, 0, 0, 0, 0, 0, 0, 0, 0, 0, 0, 0, 0, 0, 0, 0, 0, 0, 0, 0, 0, 0, 0, 0, 0, 0, 0, 0, 0, 0, 0, 0, 0, 0, 0, 0, 0, 0, 0, 0, 0, 0, 0, 0, 0, 0, 0, 0, 0, 0
0, 73, 143, 0, 283, 353, 0, 493, 563, 0, 703, 773, 0, 913, 983, 0, 1123, 1193, 0, 1333, 1403, 0, 1543, 1613, 0, 1753, 1823, 0, 1963, 2033, 0, 2173, 2243, 0, 2383, 2453, 0, 2593, 2663, 0, 2803, 2873, 0, 3013, 3083, 0, 3223, 3293, 0, 3433, 3503, 0, 3643, 3713, 0, 3853, 3923, 0, 4063, 4133, 0, 4273, 4343, 0, 4483, 4553, 0, 4693, 4763, 0
0, 0, 0, 0, 0, 0, 0, 0, 0, 0, 0, 0, 0, 0, 0, 0, 0, 0, 0, 0, 0, 0, 0, 0, 0, 0, 0, 0, 0, 0, 0, 0, 0, 0, 0, 0, 0, 0, 0, 0, 0, 0, 0, 0, 0, 0, 0, 0, 0, 0, 0, 0, 0, 0, 0, 0, 0, 0, 0, 0, 0, 0, 0, 0, 0, 0, 0, 0, 0, 0
5, 0, 145, 215, 0, 355, 425, 0, 565, 635, 0, 775, 845, 0, 985, 1055, 0, 1195, 1265, 0, 1405, 1475, 0, 1615, 1685, 0, 1825, 1895, 0, 2035, 2105, 0, 2245, 2315, 0, 2455, 2525, 0, 2665, 2735, 0, 2875, 2945, 0, 3085, 3155, 0, 3295, 3365, 0, 3505, 3575, 0, 3715, 3785, 0, 3925, 3995, 0, 4135, 4205, 0, 4345, 4415, 0, 4555, 4625, 0, 4765, 4835
0, 0, 0, 0, 0, 0, 0, 0, 0, 0, 0, 0, 0, 0, 0, 0, 0, 0, 0, 0, 0, 0, 0, 0, 0, 0, 0, 0, 0, 0, 0, 0, 0, 0, 0, 0, 0, 0, 0, 0, 0, 0, 0, 0, 0, 0, 0, 0, 0, 0, 0, 0, 0, 0, 0, 0, 0, 0, 0, 0, 0, 0, 0, 0, 0, 0, 0, 0, 0, 0
7, 77, 0, 217, 287, 0, 427, 497, 0, 637, 707, 0, 847, 917, 0, 1057, 1127, 0, 1267, 1337, 0, 1477, 1547, 0, 1687, 1757, 0, 1897, 1967, 0, 2107, 2177, 0, 2317, 2387, 0, 2527, 2597, 0, 2737, 2807, 0, 2947, 3017, 0, 3157, 3227, 0, 3367, 3437, 0, 3577, 3647, 0, 3787, 3857, 0, 3997, 4067, 0, 4207, 4277, 0, 4417, 4487, 0, 4627, 4697, 0, 4837
0, 0, 0, 0, 0, 0, 0, 0, 0, 0, 0, 0, 0, 0, 0, 0, 0, 0, 0, 0, 0, 0, 0, 0, 0, 0, 0, 0, 0, 0, 0, 0, 0, 0, 0, 0, 0, 0, 0, 0, 0, 0, 0, 0, 0, 0, 0, 0, 0, 0, 0, 0, 0, 0, 0, 0, 0, 0, 0, 0, 0, 0, 0, 0, 0, 0, 0, 0, 0, 0
0, 79, 149, 0, 289, 359, 0, 499, 569, 0, 709, 779, 0, 919, 989, 0, 1129, 1199, 0, 1339, 1409, 0, 1549, 1619, 0, 1759, 1829, 0, 1969, 2039, 0, 2179, 2249, 0, 2389, 2459, 0, 2599, 2669, 0, 2809, 2879, 0, 3019, 3089, 0, 3229, 3299, 0, 3439, 3509, 0, 3649, 3719, 0, 3859, 3929, 0, 4069, 4139, 0, 4279, 4349, 0, 4489, 4559, 0, 4699, 4769, 0
0, 0, 0, 0, 0, 0, 0, 0, 0, 0, 0, 0, 0, 0, 0, 0, 0, 0, 0, 0, 0, 0, 0, 0, 0, 0, 0, 0, 0, 0, 0, 0, 0, 0, 0, 0, 0, 0, 0, 0, 0, 0, 0, 0, 0, 0, 0, 0, 0, 0, 0, 0, 0, 0, 0, 0, 0, 0, 0, 0, 0, 0, 0, 0, 0, 0, 0, 0, 0, 0
11, 0, 151, 221, 0, 361, 431, 0, 571, 641, 0, 781, 851, 0, 991, 1061, 0, 1201, 1271, 0, 1411, 1481, 0, 1621, 1691, 0, 1831, 1901, 0, 2041, 2111, 0, 2251, 2321, 0, 2461, 2531, 0, 2671, 2741, 0, 2881, 2951, 0, 3091, 3161, 0, 3301, 3371, 0, 3511, 3581, 0, 3721, 3791, 0, 3931, 4001, 0, 4141, 4211, 0, 4351, 4421, 0, 4561, 4631, 0, 4771, 4841
0, 0, 0, 0, 0, 0, 0, 0, 0, 0, 0, 0, 0, 0, 0, 0, 0, 0, 0, 0, 0, 0, 0, 0, 0, 0, 0, 0, 0, 0, 0, 0, 0, 0, 0, 0, 0, 0, 0, 0, 0, 0, 0, 0, 0, 0, 0, 0, 0, 0, 0, 0, 0, 0, 0, 0, 0, 0, 0, 0, 0, 0, 0, 0, 0, 0, 0, 0, 0, 0
13, 83, 0, 223, 293, 0, 433, 503, 0, 643, 713, 0, 853, 923, 0, 1063, 1133, 0, 1273, 1343, 0, 1483, 1553, 0, 1693, 1763, 0, 1903, 1973, 0, 2113, 2183, 0, 2323, 2393, 0, 2533, 2603, 0, 2743, 2813, 0, 2953, 3023, 0, 3163, 3233, 0, 3373, 3443, 0, 3583, 3653, 0, 3793, 3863, 0, 4003, 4073, 0, 4213, 4283, 0, 4423, 4493, 0, 4633, 4703, 0, 4843
0, 0, 0, 0, 0, 0, 0, 0, 0, 0, 0, 0, 0, 0, 0, 0, 0, 0, 0, 0, 0, 0, 0, 0, 0, 0, 0, 0, 0, 0, 0, 0, 0, 0, 0, 0, 0, 0, 0, 0, 0, 0, 0, 0, 0, 0, 0, 0, 0, 0, 0, 0, 0, 0, 0, 0, 0, 0, 0, 0, 0, 0, 0, 0, 0, 0, 0, 0, 0, 0
0, 85, 155, 0, 295, 365, 0, 505, 575, 0, 715, 785, 0, 925, 995, 0, 1135, 1205, 0, 1345, 1415, 0, 1555, 1625, 0, 1765, 1835, 0, 1975, 2045, 0, 2185, 2255, 0, 2395, 2465, 0, 2605, 2675, 0, 2815, 2885, 0, 3025, 3095, 0, 3235, 3305, 0, 3445, 3515, 0, 3655, 3725, 0, 3865, 3935, 0, 4075, 4145, 0, 4285, 4355, 0, 4495, 4565, 0, 4705, 4775, 0
0, 0, 0, 0, 0, 0, 0, 0, 0, 0, 0, 0, 0, 0, 0, 0, 0, 0, 0, 0, 0, 0, 0, 0, 0, 0, 0, 0, 0, 0, 0, 0, 0, 0, 0, 0, 0, 0, 0, 0, 0, 0, 0, 0, 0, 0, 0, 0, 0, 0, 0, 0, 0, 0, 0, 0, 0, 0, 0, 0, 0, 0, 0, 0, 0, 0, 0, 0, 0, 0
17, 0, 157, 227, 0, 367, 437, 0, 577, 647, 0, 787, 857, 0, 997, 1067, 0, 1207, 1277, 0, 1417, 1487, 0, 1627, 1697, 0, 1837, 1907, 0, 2047, 2117, 0, 2257, 2327, 0, 2467, 2537, 0, 2677, 2747, 0, 2887, 2957, 0, 3097, 3167, 0, 3307, 3377, 0, 3517, 3587, 0, 3727, 3797, 0, 3937, 4007, 0, 4147, 4217, 0, 4357, 4427, 0, 4567, 4637, 0, 4777, 4847
0, 0, 0, 0, 0, 0, 0, 0, 0, 0, 0, 0, 0, 0, 0, 0, 0, 0, 0, 0, 0, 0, 0, 0, 0, 0, 0, 0, 0, 0, 0, 0, 0, 0, 0, 0, 0, 0, 0, 0, 0, 0, 0, 0, 0, 0, 0, 0, 0, 0, 0, 0, 0, 0, 0, 0, 0, 0, 0, 0, 0, 0, 0, 0, 0, 0, 0, 0, 0, 0
19, 89, 0, 229, 299, 0, 439, 509, 0, 649, 719, 0, 859, 929, 0, 1069, 1139, 0, 1279, 1349, 0, 1489, 1559, 0, 1699, 1769, 0, 1909, 1979, 0, 2119, 2189, 0, 2329, 2399, 0, 2539, 2609, 0, 2749, 2819, 0, 2959, 3029, 0, 3169, 3239, 0, 3379, 3449, 0, 3589, 3659, 0, 3799, 3869, 0, 4009, 4079, 0, 4219, 4289, 0, 4429, 4499, 0, 4639, 4709, 0, 4849
0, 0, 0, 0, 0, 0, 0, 0, 0, 0, 0, 0, 0, 0, 0, 0, 0, 0, 0, 0, 0, 0, 0, 0, 0, 0, 0, 0, 0, 0, 0, 0, 0, 0, 0, 0, 0, 0, 0, 0, 0, 0, 0, 0, 0, 0, 0, 0, 0, 0, 0, 0, 0, 0, 0, 0, 0, 0, 0, 0, 0, 0, 0, 0, 0, 0, 0, 0, 0, 0
0, 91, 161, 0, 301, 371, 0, 511, 581, 0, 721, 791, 0, 931, 1001, 0, 1141, 1211, 0, 1351, 1421, 0, 1561, 1631, 0, 1771, 1841, 0, 1981, 2051, 0, 2191, 2261, 0, 2401, 2471, 0, 2611, 2681, 0, 2821, 2891, 0, 3031, 3101, 0, 3241, 3311, 0, 3451, 3521, 0, 3661, 3731, 0, 3871, 3941, 0, 4081, 4151, 0, 4291, 4361, 0, 4501, 4571, 0, 4711, 4781, 0
0, 0, 0, 0, 0, 0, 0, 0, 0, 0, 0, 0, 0, 0, 0, 0, 0, 0, 0, 0, 0, 0, 0, 0, 0, 0, 0, 0, 0, 0, 0, 0, 0, 0, 0, 0, 0, 0, 0, 0, 0, 0, 0, 0, 0, 0, 0, 0, 0, 0, 0, 0, 0, 0, 0, 0, 0, 0, 0, 0, 0, 0, 0, 0, 0, 0, 0, 0, 0, 0
23, 0, 163, 233, 0, 373, 443, 0, 583, 653, 0, 793, 863, 0, 1003, 1073, 0, 1213, 1283, 0, 1423, 1493, 0, 1633, 1703, 0, 1843, 1913, 0, 2053, 2123, 0, 2263, 2333, 0, 2473, 2543, 0, 2683, 2753, 0, 2893, 2963, 0, 3103, 3173, 0, 3313, 3383, 0, 3523, 3593, 0, 3733, 3803, 0, 3943, 4013, 0, 4153, 4223, 0, 4363, 4433, 0, 4573, 4643, 0, 4783, 4853
0, 0, 0, 0, 0, 0, 0, 0, 0, 0, 0, 0, 0, 0, 0, 0, 0, 0, 0, 0, 0, 0, 0, 0, 0, 0, 0, 0, 0, 0, 0, 0, 0, 0, 0, 0, 0, 0, 0, 0, 0, 0, 0, 0, 0, 0, 0, 0, 0, 0, 0, 0, 0, 0, 0, 0, 0, 0, 0, 0, 0, 0, 0, 0, 0, 0, 0, 0, 0, 0
25, 95, 0, 235, 305, 0, 445, 515, 0, 655, 725, 0, 865, 935, 0, 1075, 1145, 0, 1285, 1355, 0, 1495, 1565, 0, 1705, 1775, 0, 1915, 1985, 0, 2125, 2195, 0, 2335, 2405, 0, 2545, 2615, 0, 2755, 2825, 0, 2965, 3035, 0, 3175, 3245, 0, 3385, 3455, 0, 3595, 3665, 0, 3805, 3875, 0, 4015, 4085, 0, 4225, 4295, 0, 4435, 4505, 0, 4645, 4715, 0, 4855
0, 0, 0, 0, 0, 0, 0, 0, 0, 0, 0, 0, 0, 0, 0, 0, 0, 0, 0, 0, 0, 0, 0, 0, 0, 0, 0, 0, 0, 0, 0, 0, 0, 0, 0, 0, 0, 0, 0, 0, 0, 0, 0, 0, 0, 0, 0, 0, 0, 0, 0, 0, 0, 0, 0, 0, 0, 0, 0, 0, 0, 0, 0, 0, 0, 0, 0, 0, 0, 0
0, 97, 167, 0, 307, 377, 0, 517, 587, 0, 727, 797, 0, 937, 1007, 0, 1147, 1217, 0, 1357, 1427, 0, 1567, 1637, 0, 1777, 1847, 0, 1987, 2057, 0, 2197, 2267, 0, 2407, 2477, 0, 2617, 2687, 0, 2827, 2897, 0, 3037, 3107, 0, 3247, 3317, 0, 3457, 3527, 0, 3667, 3737, 0, 3877, 3947, 0, 4087, 4157, 0, 4297, 4367, 0, 4507, 4577, 0, 4717, 4787, 0
0, 0, 0, 0, 0, 0, 0, 0, 0, 0, 0, 0, 0, 0, 0, 0, 0, 0, 0, 0, 0, 0, 0, 0, 0, 0, 0, 0, 0, 0, 0, 0, 0, 0, 0, 0, 0, 0, 0, 0, 0, 0, 0, 0, 0, 0, 0, 0, 0, 0, 0, 0, 0, 0, 0, 0, 0, 0, 0, 0, 0, 0, 0, 0, 0, 0, 0, 0, 0, 0
29, 0, 169, 239, 0, 379, 449, 0, 589, 659, 0, 799, 869, 0, 1009, 1079, 0, 1219, 1289, 0, 1429, 1499, 0, 1639, 1709, 0, 1849, 1919, 0, 2059, 2129, 0, 2269, 2339, 0, 2479, 2549, 0, 2689, 2759, 0, 2899, 2969, 0, 3109, 3179, 0, 3319, 3389, 0, 3529, 3599, 0, 3739, 3809, 0, 3949, 4019, 0, 4159, 4229, 0, 4369, 4439, 0, 4579, 4649, 0, 4789, 4859
0, 0, 0, 0, 0, 0, 0, 0, 0, 0, 0, 0, 0, 0, 0, 0, 0, 0, 0, 0, 0, 0, 0, 0, 0, 0, 0, 0, 0, 0, 0, 0, 0, 0, 0, 0, 0, 0, 0, 0, 0, 0, 0, 0, 0, 0, 0, 0, 0, 0, 0, 0, 0, 0, 0, 0, 0, 0, 0, 0, 0, 0, 0, 0, 0, 0, 0, 0, 0, 0
31, 101, 0, 241, 311, 0, 451, 521, 0, 661, 731, 0, 871, 941, 0, 1081, 1151, 0, 1291, 1361, 0, 1501, 1571, 0, 1711, 1781, 0, 1921, 1991, 0, 2131, 2201, 0, 2341, 2411, 0, 2551, 2621, 0, 2761, 2831, 0, 2971, 3041, 0, 3181, 3251, 0, 3391, 3461, 0, 3601, 3671, 0, 3811, 3881, 0, 4021, 4091, 0, 4231, 4301, 0, 4441, 4511, 0, 4651, 4721, 0, 4861
0, 0, 0, 0, 0, 0, 0, 0, 0, 0, 0, 0, 0, 0, 0, 0, 0, 0, 0, 0, 0, 0, 0, 0, 0, 0, 0, 0, 0, 0, 0, 0, 0, 0, 0, 0, 0, 0, 0, 0, 0, 0, 0, 0, 0, 0, 0, 0, 0, 0, 0, 0, 0, 0, 0, 0, 0, 0, 0, 0, 0, 0, 0, 0, 0, 0, 0, 0, 0, 0
0, 103, 173, 0, 313, 383, 0, 523, 593, 0, 733, 803, 0, 943, 1013, 0, 1153, 1223, 0, 1363, 1433, 0, 1573, 1643, 0, 1783, 1853, 0, 1993, 2063, 0, 2203, 2273, 0, 2413, 2483, 0, 2623, 2693, 0, 2833, 2903, 0, 3043, 3113, 0, 3253, 3323, 0, 3463, 3533, 0, 3673, 3743, 0, 3883, 3953, 0, 4093, 4163, 0, 4303, 4373, 0, 4513, 4583, 0, 4723, 4793, 0
0, 0, 0, 0, 0, 0, 0, 0, 0, 0, 0, 0, 0, 0, 0, 0, 0, 0, 0, 0, 0, 0, 0, 0, 0, 0, 0, 0, 0, 0, 0, 0, 0, 0, 0, 0, 0, 0, 0, 0, 0, 0, 0, 0, 0, 0, 0, 0, 0, 0, 0, 0, 0, 0, 0, 0, 0, 0, 0, 0, 0, 0, 0, 0, 0, 0, 0, 0, 0, 0
35, 0, 175, 245, 0, 385, 455, 0, 595, 665, 0, 805, 875, 0, 1015, 1085, 0, 1225, 1295, 0, 1435, 1505, 0, 1645, 1715, 0, 1855, 1925, 0, 2065, 2135, 0, 2275, 2345, 0, 2485, 2555, 0, 2695, 2765, 0, 2905, 2975, 0, 3115, 3185, 0, 3325, 3395, 0, 3535, 3605, 0, 3745, 3815, 0, 3955, 4025, 0, 4165, 4235, 0, 4375, 4445, 0, 4585, 4655, 0, 4795, 4865
0, 0, 0, 0, 0, 0, 0, 0, 0, 0, 0, 0, 0, 0, 0, 0, 0, 0, 0, 0, 0, 0, 0, 0, 0, 0, 0, 0, 0, 0, 0, 0, 0, 0, 0, 0, 0, 0, 0, 0, 0, 0, 0, 0, 0, 0, 0, 0, 0, 0, 0, 0, 0, 0, 0, 0, 0, 0, 0, 0, 0, 0, 0, 0, 0, 0, 0, 0, 0, 0
37, 107, 0, 247, 317, 0, 457, 527, 0, 667, 737, 0, 877, 947, 0, 1087, 1157, 0, 1297, 1367, 0, 1507, 1577, 0, 1717, 1787, 0, 1927, 1997, 0, 2137, 2207, 0, 2347, 2417, 0, 2557, 2627, 0, 2767, 2837, 0, 2977, 3047, 0, 3187, 3257, 0, 3397, 3467, 0, 3607, 3677, 0, 3817, 3887, 0, 4027, 4097, 0, 4237, 4307, 0, 4447, 4517, 0, 4657, 4727, 0, 4867
0, 0, 0, 0, 0, 0, 0, 0, 0, 0, 0, 0, 0, 0, 0, 0, 0, 0, 0, 0, 0, 0, 0, 0, 0, 0, 0, 0, 0, 0, 0, 0, 0, 0, 0, 0, 0, 0, 0, 0, 0, 0, 0, 0, 0, 0, 0, 0, 0, 0, 0, 0, 0, 0, 0, 0, 0, 0, 0, 0, 0, 0, 0, 0, 0, 0, 0, 0, 0, 0
0, 109, 179, 0, 319, 389, 0, 529, 599, 0, 739, 809, 0, 949, 1019, 0, 1159, 1229, 0, 1369, 1439, 0, 1579, 1649, 0, 1789, 1859, 0, 1999, 2069, 0, 2209, 2279, 0, 2419, 2489, 0, 2629, 2699, 0, 2839, 2909, 0, 3049, 3119, 0, 3259, 3329, 0, 3469, 3539, 0, 3679, 3749, 0, 3889, 3959, 0, 4099, 4169, 0, 4309, 4379, 0, 4519, 4589, 0, 4729, 4799, 0
0, 0, 0, 0, 0, 0, 0, 0, 0, 0, 0, 0, 0, 0, 0, 0, 0, 0, 0, 0, 0, 0, 0, 0, 0, 0, 0, 0, 0, 0, 0, 0, 0, 0, 0, 0, 0, 0, 0, 0, 0, 0, 0, 0, 0, 0, 0, 0, 0, 0, 0, 0, 0, 0, 0, 0, 0, 0, 0, 0, 0, 0, 0, 0, 0, 0, 0, 0, 0, 0
41, 0, 181, 251, 0, 391, 461, 0, 601, 671, 0, 811, 881, 0, 1021, 1091, 0, 1231, 1301, 0, 1441, 1511, 0, 1651, 1721, 0, 1861, 1931, 0, 2071, 2141, 0, 2281, 2351, 0, 2491, 2561, 0, 2701, 2771, 0, 2911, 2981, 0, 3121, 3191, 0, 3331, 3401, 0, 3541, 3611, 0, 3751, 3821, 0, 3961, 4031, 0, 4171, 4241, 0, 4381, 4451, 0, 4591, 4661, 0, 4801, 4871
0, 0, 0, 0, 0, 0, 0, 0, 0, 0, 0, 0, 0, 0, 0, 0, 0, 0, 0, 0, 0, 0, 0, 0, 0, 0, 0, 0, 0, 0, 0, 0, 0, 0, 0, 0, 0, 0, 0, 0, 0, 0, 0, 0, 0, 0, 0, 0, 0, 0, 0, 0, 0, 0, 0, 0, 0, 0, 0, 0, 0, 0, 0, 0, 0, 0, 0, 0, 0, 0
43, 113, 0, 253, 323, 0, 463, 533, 0, 673, 743, 0, 883, 953, 0, 1093, 1163, 0, 1303, 1373, 0, 1513, 1583, 0, 1723, 1793, 0, 1933, 2003, 0, 2143, 2213, 0, 2353, 2423, 0, 2563, 2633, 0, 2773, 2843, 0, 2983, 3053, 0, 3193, 3263, 0, 3403, 3473, 0, 3613, 3683, 0, 3823, 3893, 0, 4033, 4103, 0, 4243, 4313, 0, 4453, 4523, 0, 4663, 4733, 0, 4873
0, 0, 0, 0, 0, 0, 0, 0, 0, 0, 0, 0, 0, 0, 0, 0, 0, 0, 0, 0, 0, 0, 0, 0, 0, 0, 0, 0, 0, 0, 0, 0, 0, 0, 0, 0, 0, 0, 0, 0, 0, 0, 0, 0, 0, 0, 0, 0, 0, 0, 0, 0, 0, 0, 0, 0, 0, 0, 0, 0, 0, 0, 0, 0, 0, 0, 0, 0, 0, 0
0, 115, 185, 0, 325, 395, 0, 535, 605, 0, 745, 815, 0, 955, 1025, 0, 1165, 1235, 0, 1375, 1445, 0, 1585, 1655, 0, 1795, 1865, 0, 2005, 2075, 0, 2215, 2285, 0, 2425, 2495, 0, 2635, 2705, 0, 2845, 2915, 0, 3055, 3125, 0, 3265, 3335, 0, 3475, 3545, 0, 3685, 3755, 0, 3895, 3965, 0, 4105, 4175, 0, 4315, 4385, 0, 4525, 4595, 0, 4735, 4805, 0
0, 0, 0, 0, 0, 0, 0, 0, 0, 0, 0, 0, 0, 0, 0, 0, 0, 0, 0, 0, 0, 0, 0, 0, 0, 0, 0, 0, 0, 0, 0, 0, 0, 0, 0, 0, 0, 0, 0, 0, 0, 0, 0, 0, 0, 0, 0, 0, 0, 0, 0, 0, 0, 0, 0, 0, 0, 0, 0, 0, 0, 0, 0, 0, 0, 0, 0, 0, 0, 0
47, 0, 187, 257, 0, 397, 467, 0, 607, 677, 0, 817, 887, 0, 1027, 1097, 0, 1237, 1307, 0, 1447, 1517, 0, 1657, 1727, 0, 1867, 1937, 0, 2077, 2147, 0, 2287, 2357, 0, 2497, 2567, 0, 2707, 2777, 0, 2917, 2987, 0, 3127, 3197, 0, 3337, 3407, 0, 3547, 3617, 0, 3757, 3827, 0, 3967, 4037, 0, 4177, 4247, 0, 4387, 4457, 0, 4597, 4667, 0, 4807, 4877
0, 0, 0, 0, 0, 0, 0, 0, 0, 0, 0, 0, 0, 0, 0, 0, 0, 0, 0, 0, 0, 0, 0, 0, 0, 0, 0, 0, 0, 0, 0, 0, 0, 0, 0, 0, 0, 0, 0, 0, 0, 0, 0, 0, 0, 0, 0, 0, 0, 0, 0, 0, 0, 0, 0, 0, 0, 0, 0, 0, 0, 0, 0, 0, 0, 0, 0, 0, 0, 0
49, 119, 0, 259, 329, 0, 469, 539, 0, 679, 749, 0, 889, 959, 0, 1099, 1169, 0, 1309, 1379, 0, 1519, 1589, 0, 1729, 1799, 0, 1939, 2009, 0, 2149, 2219, 0, 2359, 2429, 0, 2569, 2639, 0, 2779, 2849, 0, 2989, 3059, 0, 3199, 3269, 0, 3409, 3479, 0, 3619, 3689, 0, 3829, 3899, 0, 4039, 4109, 0, 4249, 4319, 0, 4459, 4529, 0, 4669, 4739, 0, 4879
0, 0, 0, 0, 0, 0, 0, 0, 0, 0, 0, 0, 0, 0, 0, 0, 0, 0, 0, 0, 0, 0, 0, 0, 0, 0, 0, 0, 0, 0, 0, 0, 0, 0, 0, 0, 0, 0, 0, 0, 0, 0, 0, 0, 0, 0, 0, 0, 0, 0, 0, 0, 0, 0, 0, 0, 0, 0, 0, 0, 0, 0, 0, 0, 0, 0, 0, 0, 0, 0
0, 121, 191, 0, 331, 401, 0, 541, 611, 0, 751, 821, 0, 961, 1031, 0, 1171, 1241, 0, 1381, 1451, 0, 1591, 1661, 0, 1801, 1871, 0, 2011, 2081, 0, 2221, 2291, 0, 2431, 2501, 0, 2641, 2711, 0, 2851, 2921, 0, 3061, 3131, 0, 3271, 3341, 0, 3481, 3551, 0, 3691, 3761, 0, 3901, 3971, 0, 4111, 4181, 0, 4321, 4391, 0, 4531, 4601, 0, 4741, 4811, 0
0, 0, 0, 0, 0, 0, 0, 0, 0, 0, 0, 0, 0, 0, 0, 0, 0, 0, 0, 0, 0, 0, 0, 0, 0, 0, 0, 0, 0, 0, 0, 0, 0, 0, 0, 0, 0, 0, 0, 0, 0, 0, 0, 0, 0, 0, 0, 0, 0, 0, 0, 0, 0, 0, 0, 0, 0, 0, 0, 0, 0, 0, 0, 0, 0, 0, 0, 0, 0, 0
53, 0, 193, 263, 0, 403, 473, 0, 613, 683, 0, 823, 893, 0, 1033, 1103, 0, 1243, 1313, 0, 1453, 1523, 0, 1663, 1733, 0, 1873, 1943, 0, 2083, 2153, 0, 2293, 2363, 0, 2503, 2573, 0, 2713, 2783, 0, 2923, 2993, 0, 3133, 3203, 0, 3343, 3413, 0, 3553, 3623, 0, 3763, 3833, 0, 3973, 4043, 0, 4183, 4253, 0, 4393, 4463, 0, 4603, 4673, 0, 4813, 4883
0, 0, 0, 0, 0, 0, 0, 0, 0, 0, 0, 0, 0, 0, 0, 0, 0, 0, 0, 0, 0, 0, 0, 0, 0, 0, 0, 0, 0, 0, 0, 0, 0, 0, 0, 0, 0, 0, 0, 0, 0, 0, 0, 0, 0, 0, 0, 0, 0, 0, 0, 0, 0, 0, 0, 0, 0, 0, 0, 0, 0, 0, 0, 0, 0, 0, 0, 0, 0, 0
55, 125, 0, 265, 335, 0, 475, 545, 0, 685, 755, 0, 895, 965, 0, 1105, 1175, 0, 1315, 1385, 0, 1525, 1595, 0, 1735, 1805, 0, 1945, 2015, 0, 2155, 2225, 0, 2365, 2435, 0, 2575, 2645, 0, 2785, 2855, 0, 2995, 3065, 0, 3205, 3275, 0, 3415, 3485, 0, 3625, 3695, 0, 3835, 3905, 0, 4045, 4115, 0, 4255, 4325, 0, 4465, 4535, 0, 4675, 4745, 0, 4885
0, 0, 0, 0, 0, 0, 0, 0, 0, 0, 0, 0, 0, 0, 0, 0, 0, 0, 0, 0, 0, 0, 0, 0, 0, 0, 0, 0, 0, 0, 0, 0, 0, 0, 0, 0, 0, 0, 0, 0, 0, 0, 0, 0, 0, 0, 0, 0, 0, 0, 0, 0, 0, 0, 0, 0, 0, 0, 0, 0, 0, 0, 0, 0, 0, 0, 0, 0, 0, 0
0, 127, 197, 0, 337, 407, 0, 547, 617, 0, 757, 827, 0, 967, 1037, 0, 1177, 1247, 0, 1387, 1457, 0, 1597, 1667, 0, 1807, 1877, 0, 2017, 2087, 0, 2227, 2297, 0, 2437, 2507, 0, 2647, 2717, 0, 2857, 2927, 0, 3067, 3137, 0, 3277, 3347, 0, 3487, 3557, 0, 3697, 3767, 0, 3907, 3977, 0, 4117, 4187, 0, 4327, 4397, 0, 4537, 4607, 0, 4747, 4817, 0
0, 0, 0, 0, 0, 0, 0, 0, 0, 0, 0, 0, 0, 0, 0, 0, 0, 0, 0, 0, 0, 0, 0, 0, 0, 0, 0, 0, 0, 0, 0, 0, 0, 0, 0, 0, 0, 0, 0, 0, 0, 0, 0, 0, 0, 0, 0, 0, 0, 0, 0, 0, 0, 0, 0, 0, 0, 0, 0, 0, 0, 0, 0, 0, 0, 0, 0, 0, 0, 0
59, 0, 199, 269, 0, 409, 479, 0, 619, 689, 0, 829, 899, 0, 1039, 1109, 0, 1249, 1319, 0, 1459, 1529, 0, 1669, 1739, 0, 1879, 1949, 0, 2089, 2159, 0, 2299, 2369, 0, 2509, 2579, 0, 2719, 2789, 0, 2929, 2999, 0, 3139, 3209, 0, 3349, 3419, 0, 3559, 3629, 0, 3769, 3839, 0, 3979, 4049, 0, 4189, 4259, 0, 4399, 4469, 0, 4609, 4679, 0, 4819, 4889
0, 0, 0, 0, 0, 0, 0, 0, 0, 0, 0, 0, 0, 0, 0, 0, 0, 0, 0, 0, 0, 0, 0, 0, 0, 0, 0, 0, 0, 0, 0, 0, 0, 0, 0, 0, 0, 0, 0, 0, 0, 0, 0, 0, 0, 0, 0, 0, 0, 0, 0, 0, 0, 0, 0, 0, 0, 0, 0, 0, 0, 0, 0, 0, 0, 0, 0, 0, 0, 0
61, 131, 0, 271, 341, 0, 481, 551, 0, 691, 761, 0, 901, 971, 0, 1111, 1181, 0, 1321, 1391, 0, 1531, 1601, 0, 1741, 1811, 0, 1951, 2021, 0, 2161, 2231, 0, 2371, 2441, 0, 2581, 2651, 0, 2791, 2861, 0, 3001, 3071, 0, 3211, 3281, 0, 3421, 3491, 0, 3631, 3701, 0, 3841, 3911, 0, 4051, 4121, 0, 4261, 4331, 0, 4471, 4541, 0, 4681, 4751, 0, 4891
0, 0, 0, 0, 0, 0, 0, 0, 0, 0, 0, 0, 0, 0, 0, 0, 0, 0, 0, 0, 0, 0, 0, 0, 0, 0, 0, 0, 0, 0, 0, 0, 0, 0, 0, 0, 0, 0, 0, 0, 0, 0, 0, 0, 0, 0, 0, 0, 0, 0, 0, 0, 0, 0, 0, 0, 0, 0, 0, 0, 0, 0, 0, 0, 0, 0, 0, 0, 0, 0
0, 133, 203, 0, 343, 413, 0, 553, 623, 0, 763, 833, 0, 973, 1043, 0, 1183, 1253, 0, 1393, 1463, 0, 1603, 1673, 0, 1813, 1883, 0, 2023, 2093, 0, 2233, 2303, 0, 2443, 2513, 0, 2653, 2723, 0, 2863, 2933, 0, 3073, 3143, 0, 3283, 3353, 0, 3493, 3563, 0, 3703, 3773, 0, 3913, 3983, 0, 4123, 4193, 0, 4333, 4403, 0, 4543, 4613, 0, 4753, 4823, 0
0, 0, 0, 0, 0, 0, 0, 0, 0, 0, 0, 0, 0, 0, 0, 0, 0, 0, 0, 0, 0, 0, 0, 0, 0, 0, 0, 0, 0, 0, 0, 0, 0, 0, 0, 0, 0, 0, 0, 0, 0, 0, 0, 0, 0, 0, 0, 0, 0, 0, 0, 0, 0, 0, 0, 0, 0, 0, 0, 0, 0, 0, 0, 0, 0, 0, 0, 0, 0, 0
65, 0, 205, 275, 0, 415, 485, 0, 625, 695, 0, 835, 905, 0, 1045, 1115, 0, 1255, 1325, 0, 1465, 1535, 0, 1675, 1745, 0, 1885, 1955, 0, 2095, 2165, 0, 2305, 2375, 0, 2515, 2585, 0, 2725, 2795, 0, 2935, 3005, 0, 3145, 3215, 0, 3355, 3425, 0, 3565, 3635, 0, 3775, 3845, 0, 3985, 4055, 0, 4195, 4265, 0, 4405, 4475, 0, 4615, 4685, 0, 4825, 4895
0, 0, 0, 0, 0, 0, 0, 0, 0, 0, 0, 0, 0, 0, 0, 0, 0, 0, 0, 0, 0, 0, 0, 0, 0, 0, 0, 0, 0, 0, 0, 0, 0, 0, 0, 0, 0, 0, 0, 0, 0, 0, 0, 0, 0, 0, 0, 0, 0, 0, 0, 0, 0, 0, 0, 0, 0, 0, 0, 0, 0, 0, 0, 0, 0, 0, 0, 0, 0, 0
67, 137, 0, 277, 347, 0, 487, 557, 0, 697, 767, 0, 907, 977, 0, 1117, 1187, 0, 1327, 1397, 0, 1537, 1607, 0, 1747, 1817, 0, 1957, 2027, 0, 2167, 2237, 0, 2377, 2447, 0, 2587, 2657, 0, 2797, 2867, 0, 3007, 3077, 0, 3217, 3287, 0, 3427, 3497, 0, 3637, 3707, 0, 3847, 3917, 0, 4057, 4127, 0, 4267, 4337, 0, 4477, 4547, 0, 4687, 4757, 0, 4897
0, 0, 0, 0, 0, 0, 0, 0, 0, 0, 0, 0, 0, 0, 0, 0, 0, 0, 0, 0, 0, 0, 0, 0, 0, 0, 0, 0, 0, 0, 0, 0, 0, 0, 0, 0, 0, 0, 0, 0, 0, 0, 0, 0, 0, 0, 0, 0, 0, 0, 0, 0, 0, 0, 0, 0, 0, 0, 0, 0, 0, 0, 0, 0, 0, 0, 0, 0, 0, 0
0, 139, 209, 0, 349, 419, 0, 559, 629, 0, 769, 839, 0, 979, 1049, 0, 1189, 1259, 0, 1399, 1469, 0, 1609, 1679, 0, 1819, 1889, 0, 2029, 2099, 0, 2239, 2309, 0, 2449, 2519, 0, 2659, 2729, 0, 2869, 2939, 0, 3079, 3149, 0, 3289, 3359, 0, 3499, 3569, 0, 3709, 3779, 0, 3919, 3989, 0, 4129, 4199, 0, 4339, 4409, 0, 4549, 4619, 0, 4759, 4829, 0
0, 0, 0, 0, 0, 0, 0, 0, 0, 0, 0, 0, 0, 0, 0, 0, 0, 0, 0, 0, 0, 0, 0, 0, 0, 0, 0, 0, 0, 0, 0, 0, 0, 0, 0, 0, 0, 0, 0, 0, 0, 0, 0, 0, 0, 0, 0, 0, 0, 0, 0, 0, 0, 0, 0, 0, 0, 0, 0, 0, 0, 0, 0, 0, 0, 0, 0, 0, 0, 0
