1, 101, 0, 301, 401, 0, 601, 701, 0, 901, 1001, 0, 1201, 1301, 0, 1501, 1601, 0, 1801, 1901, 0, 2101, 2201, 0, 2401, 2501, 0, 2701, 2801, 0, 3001, 3101, 0, 3301, 3401, 0, 3601, 3701, 0, 3901, 4001, 0, 4201, 4301, 0, 4501, 4601, 0, 4801, 4901, 0, 5101, 5201, 0, 5401, 5501, 0, 5701, 5801, 0, 6001, 6101, 0, 6301, 6401, 0, 6601, 6701, 0, 6901, 7001, 0, 7201, 7301, 0, 7501, 7601, 0, 7801, 7901, 0, 8101, 8201, 0, 8401, 8501, 0, 8701, 8801, 0, 9001, 9101, 0, 9301, 9401, 0, 9601, 9701, 0, 9901
0, 0, 0, 0, 0, 0, 0, 0, 0, 0, 0, 0, 0, 0, 0, 0, 0, 0, 0, 0, 0, 0, 0, 0, 0, 0, 0, 0, 0, 0, 0, 0, 0, 0, 0, 0, 0, 0, 0, 0, 0, 0, 0, 0, 0, 0, 0, 0, 0, 0, 0, 0, 0, 0, 0, 0, 0, 0, 0, 0, 0, 0, 0, 0, 0, 0, 0, 0, 0, 0, 0, 0, 0, 0, 0, 0, 0, 0, 0, 0, 0, 0, 0, 0, 0, 0, 0, 0, 0, 0, 0, 0, 0, 0, 0, 0, 0, 0, 0, 0
0, 103, 203, 0, 403, 503, 0, 703, 803, 0, 1003, 1103, 0, 1303, 1403, 0, 1603, 1703, 0, 1903, 2003, 0, 2203, 2303, 0, 2503, 2603, 0, 2803, 2903, 0, 3103, 3203, 0, 3403, 3503, 0, 3703, 3803, 0, 4003, 4103, 0, 4303, 4403, 0, 4603, 4703, 0, 4903, 5003, 0, 5203, 5303, 0, 5503, 5603, 0, 5803, 5903, 0, 6103, 6203, 0, 6403, 6503, 0, 6703, 6803, 0, 7003, 7103, 0, 7303, 7403, 0, 7603, 7703, 0, 7903, 8003, 0, 8203, 8303, 0, 8503, 8603, 0, 8803, 8903, 0, 9103, 9203, 0, 9403, 9503, 0, 9703, 9803, 0
0, 0, 0, 0, 0, 0, 0, 0, 0, 0, 0, 0, 0, 0, 0, 0, 0, 0, 0, 0, 0, 0, 0, 0, 0, 0, 0, 0, 0, 0, 0, 0, 0, 0, 0, 0, 0, 0, 0, 0, 0, 0, 0, 0, 0, 0, 0, 0, 0, 0, 0, 0, 0, 0, 0, 0, 0, 0, 0, 0, 0, 0, 0, 0, 0, 0, 0, 0, 0, 0, 0, 0, 0, 0, 0, 0, 0, 0, 0, 0, 0, 0, 0, 0, 0, 0, 0, 0, 0, 0, 0, 0, 0, 0, 0, 0, 0, 0, 0, 0
5, 0, 205, 305, 0, 505, 605, 0, 805, 905, 0, 1105, 1205, 0, 1405, 1505, 0, 1705, 1805, 0, 2005, 2105, 0, 2305, 2405, 0, 2605, 2705, 0, 2905, 3005, 0, 3205, 3305, 0, 3505, 3605, 0, 3805, 3905, 0, 4105, 4205, 0, 4405, 4505, 0, 4705, 4805, 0, 5005, 5105, 0, 5305, 5405, 0, 5605, 5705, 0, 5905, 6005, 0, 6205, 6305, 0, 6505, 6605, 0, 6805, 6905, 0, 7105, 7205, 0, 7405, 7505, 0, 7705, 7805, 0, 8005, 8105, 0, 8305, 8405, 0, 8605, 8705, 0, 8905, 9005, 0, 9205, 9305, 0, 9505, 9605, 0, 9805, 9905
0, 0, 0, 0, 0, 0, 0, 0, 0, 0, 0, 0, 0, 0, 0, 0, 0, 0, 0, 0, 0, 0, 0, 0, 0, 0, 0, 0, 0, 0, 0, 0, 0, 0, 0, 0, 0, 0, 0, 0, 0, 0, 0, 0, 0, 0, 0, 0, 0, 0, 0, 0, 0, 0, 0, 0, 0, 0, 0, 0, 0, 0, 0, 0, 0, 0, 0, 0, 0, 0, 0, 0, 0, 0, 0, 0, 0, 0, 0, 0, 0, 0, 0, 0, 0, 0, 0, 0, 0, 0, 0, 0, 0, 0, 0, 0, 0, 0, 0, 0
7, 107, 0, 307, 407, 0, 607, 707, 0, 907, 1007, 0, 1207, 1307, 0, 1507, 1607, 0, 1807, 1907, 0, 2107, 2207, 0, 2407, 2507, 0, 2707, 2807, 0, 3007, 3107, 0, 3307, 3407, 0, 3607, 3707, 0, 3907, 4007, 0, 4207, 4307, 0, 4507, 4607, 0, 4807, 4907, 0, 5107, 5207, 0, 5407, 5507, 0, 5707, 5807, 0, 6007, 6107, 0, 6307, 6407, 0, 6607, 6707, 0, 6907, 7007, 0, 7207, 7307, 0, 7507, 7607, 0, 7807, 7907, 0, 8107, 8207, 0, 8407, 8507, 0, 8707, 8807, 0, 9007, 9107, 0, 9307, 9407, 0, 9607, 9707, 0, 9907
0, 0, 0, 0, 0, 0, 0, 0, 0, 0, 0, 0, 0, 0, 0, 0, 0, 0, 0, 0, 0, 0, 0, 0, 0, 0, 0, 0, 0, 0, 0, 0, 0, 0, 0, 0, 0, 0, 0, 0, 0, 0, 0, 0, 0, 0, 0, 0, 0, 0, 0, 0, 0, 0, 0, 0, 0, 0, 0, 0, 0, 0, 0, 0, 0, 0, 0, 0, 0, 0, 0, 0, 0, 0, 0, 0, 0, 0, 0, 0, 0, 0, 0, 0, 0, 0, 0, 0, 0, 0, 0, 0, 0, 0, 0, 0, 0, 0, 0, 0
0, 109, 209, 0, 409, 509, 0, 709, 809, 0, 1009, 1109, 0, 1309, 1409, 0, 1609, 1709, 0, 1909, 2009, 0, 2209, 2309, 0, 2509, 2609, 0, 2809, 2909, 0, 3109, 3209, 0, 3409, 3509, 0, 3709, 3809, 0, 4009, 4109, 0, 4309, 4409, 0, 4609, 4709, 0, 4909, 5009, 0, 5209, 5309, 0, 5509, 5609, 0, 5809, 5909, 0, 6109, 6209, 0, 6409, 6509, 0, 6709, 6809, 0, 7009, 7109, 0, 7309, 7409, 0, 7609, 7709, 0, 7909, 8009, 0, 8209, 8309, 0, 8509, 8609, 0, 8809, 8909, 0, 9109, 9209, 0, 9409, 9509, 0, 9709, 9809, 0
0, 0, 0, 0, 0, 0, 0, 0, 0, 0, 0, 0, 0, 0, 0, 0, 0, 0, 0, 0, 0, 0, 0, 0, 0, 0, 0, 0, 0, 0, 0, 0, 0, 0, 0, 0, 0, 0, 0, 0, 0, 0, 0, 0, 0, 0, 0, 0, 0, 0, 0, 0, 0, 0, 0, 0, 0, 0, 0, 0, 0, 0, 0, 0, 0, 0, 0, 0, 0, 0, 0, 0, 0, 0, 0, 0, 0, 0, 0, 0, 0, 0, 0, 0, 0, 0, 0, 0, 0, 0, 0, 0, 0, 0, 0, 0, 0, 0, 0, 0
11, 0, 211, 311, 0, 511, 611, 0, 811, 911, 0, 1111, 1211, 0, 1411, 1511, 0, 1711, 1811, 0, 2011, 2111, 0, 2311, 2411, 0, 2611, 2711, 0, 2911, 3011, 0, 3211, 3311, 0, 3511, 3611, 0, 3811, 3911, 0, 4111, 4211, 0, 4411, 4511, 0, 4711, 4811, 0, 5011, 5111, 0, 5311, 5411, 0, 5611, 5711, 0, 5911, 6011, 0, 6211, 6311, 0, 6511, 6611, 0, 6811, 6911, 0, 7111, 7211, 0, 7411, 7511, 0, 7711, 7811, 0, 8011, 8111, 0, 8311, 8411, 0, 8611, 8711, 0, 8911, 9011, 0, 9211, 9311, 0, 9511, 9611, 0, 9811, 9911
0, 0, 0, 0, 0, 0, 0, 0, 0, 0, 0, 0, 0, 0, 0, 0, 0, 0, 0, 0, 0, 0, 0, 0, 0, 0, 0, 0, 0, 0, 0, 0, 0, 0, 0, 0, 0, 0, 0, 0, 0, 0, 0, 0, 0, 0, 0, 0, 0, 0, 0, 0, 0, 0, 0, 0, 0, 0, 0, 0, 0, 0, 0, 0, 0, 0, 0, 0, 0, 0, 0, 0, 0, 0, 0, 0, 0, 0, 0, 0, 0, 0, 0, 0, 0, 0, 0, 0, 0, 0, 0, 0, 0, 0, 0, 0, 0, 0, 0, 0
13, 113, 0, 313, 413, 0, 613, 713, 0, 913, 1013, 0, 1213, 1313, 0, 1513, 1613, 0, 1813, 1913, 0, 2113, 2213, 0, 2413, 2513, 0, 2713, 2813, 0, 3013, 3113, 0, 3313, 3413, 0, 3613, 3713, 0, 3913, 4013, 0, 4213, 4313, 0, 4513, 4613, 0, 4813, 4913, 0, 5113, 5213, 0, 5413, 5513, 0, 5713, 5813, 0, 6013, 6113, 0, 6313, 6413, 0, 6613, 6713, 0, 6913, 7013, 0, 7213, 7313, 0, 7513, 7613, 0, 7813, 7913, 0, 8113, 8213, 0, 8413, 8513, 0, 8713, 8813, 0, 9013, 9113, 0, 9313, 9413, 0, 9613, 9713, 0, 9913
0, 0, 0, 0, 0, 0, 0, 0, 0, 0, 0, 0, 0, 0, 0, 0, 0, 0, 0, 0, 0, 0, 0, 0, 0, 0, 0, 0, 0, 0, 0, 0, 0, 0, 0, 0, 0, 0, 0, 0, 0, 0, 0, 0, 0, 0, 0, 0, 0, 0, 0, 0, 0, 0, 0, 0, 0, 0, 0, 0, 0, 0, 0, 0, 0, 0, 0, 0, 0, 0, 0, 0, 0, 0, 0, 0, 0, 0, 0, 0, 0, 0, 0, 0, 0, 0, 0, 0, 0, 0, 0, 0, 0, 0, 0, 0, 0, 0, 0, 0
0, 115, 215, 0, 415, 515, 0, 715, 815, 0, 1015, 1115, 0, 1315, 1415, 0, 1615, 1715, 0, 1915, 2015, 0, 2215, 2315, 0, 2515, 2615, 0, 2815, 2915, 0, 3115, 3215, 0, 3415, 3515, 0, 3715, 3815, 0, 4015, 4115, 0, 4315, 4415, 0, 4615, 4715, 0, 4915, 5015, 0, 5215, 5315, 0, 5515, 5615, 0, 5815, 5915, 0, 6115, 6215, 0, 6415, 6515, 0, 6715, 6815, 0, 7015, 7115, 0, 7315, 7415, 0, 7615, 7715, 0, 7915, 8015, 0, 8215, 8315, 0, 8515, 8615, 0, 8815, 8915, 0, 9115, 9215, 0, 9415, 9515, 0, 9715, 9815, 0
0, 0, 0, 0, 0, 0, 0, 0, 0, 0, 0, 0, 0, 0, 0, 0, 0, 0, 0, 0, 0, 0, 0, 0, 0, 0, 0, 0, 0, 0, 0, 0, 0, 0, 0, 0, 0, 0, 0, 0, 0, 0, 0, 0, 0, 0, 0, 0, 0, 0, 0, 0, 0, 0, 0, 0, 0, 0, 0, 0, 0, 0, 0, 0, 0, 0, 0, 0, 0, 0, 0, 0, 0, 0, 0, 0, 0, 0, 0, 0, 0, 0, 0, 0, 0, 0, 0, 0, 0, 0, 0, 0, 0, 0, 0, 0, 0, 0, 0, 0
17, 0, 217, 317, 0, 517, 617, 0, 817, 917, 0, 1117, 1217, 0, 1417, 1517, 0, 1717, 1817, 0, 2017, 2117, 0, 2317, 2417, 0, 2617, 2717, 0, 2917, 3017, 0, 3217, 3317, 0, 3517, 3617, 0, 3817, 3917, 0, 4117, 4217, 0, 4417, 4517, 0, 4717, 4817, 0, 5017, 5117, 0, 5317, 5417, 0, 5617, 5717, 0, 5917, 6017, 0, 6217, 6317, 0, 6517, 6617, 0, 6817, 6917, 0, 7117, 7217, 0, 7417, 7517, 0, 7717, 7817, 0, 8017, 8117, 0, 8317, 8417, 0, 8617, 8717, 0, 8917, 9017, 0, 9217, 9317, 0, 9517, 9617, 0, 9817, 9917
0, 0, 0, 0, 0, 0, 0, 0, 0, 0, 0, 0, 0, 0, 0, 0, 0, 0, 0, 0, 0, 0, 0, 0, 0, 0, 0, 0, 0, 0, 0, 0, 0, 0, 0, 0, 0, 0, 0, 0, 0, 0, 0, 0, 0, 0, 0, 0, 0, 0, 0, 0, 0, 0, 0, 0, 0, 0, 0, 0, 0, 0, 0, 0, 0, 0, 0, 0, 0, 0, 0, 0, 0, 0, 0, 0, 0, 0, 0, 0, 0, 0, 0, 0, 0, 0, 0, 0, 0, 0, 0, 0, 0, 0, 0, 0, 0, 0, 0, 0
19, 119, 0, 319, 419, 0, 619, 719, 0, 919, 1019, 0, 1219, 1319, 0, 1519, 1619, 0, 1819, 1919, 0, 2119, 2219, 0, 2419, 2519, 0, 2719, 2819, 0, 3019, 3119, 0, 3319, 3419, 0, 3619, 3719, 0, 3919, 4019, 0, 4219, 4319, 0, 4519, 4619, 0, 4819, 4919, 0, 5119, 5219, 0, 5419, 5519, 0, 5719, 5819, 0, 6019, 6119, 0, 6319, 6419, 0, 6619, 6719, 0, 6919, 7019, 0, 7219, 7319, 0, 7519, 7619, 0, 7819, 7919, 0, 8119, 8219, 0, 8419, 8519, 0, 8719, 8819, 0, 9019, 9119, 0, 9319, 9419, 0, 9619, 9719, 0, 9919
0, 0, 0, 0, 0, 0, 0, 0, 0, 0, 0, 0, 0, 0, 0, 0, 0, 0, 0, 0, 0, 0, 0, 0, 0, 0, 0, 0, 0, 0, 0, 0, 0, 0, 0, 0, 0, 0, 0, 0, 0, 0, 0, 0, 0, 0, 0, 0, 0, 0, 0, 0, 0, 0, 0, 0, 0, 0, 0, 0, 0, 0, 0, 0, 0, 0, 0, 0, 0, 0, 0, 0, 0, 0, 0, 0, 0, 0, 0, 0, 0, 0, 0, 0, 0, 0, 0, 0, 0, 0, 0, 0, 0, 0, 0, 0, 0, 0, 0, 0
0, 121, 221, 0, 421, 521, 0, 721, 821, 0, 1021, 1121, 0, 1321, 1421, 0, 1621, 1721, 0, 1921, 2021, 0, 2221, 2321, 0, 2521, 2621, 0, 2821, 2921, 0, 3121, 3221, 0, 3421, 3521, 0, 3721, 3821, 0, 4021, 4121, 0, 4321, 4421, 0, 4621, 4721, 0, 4921, 5021, 0, 5221, 5321, 0, 5521, 5621, 0, 5821, 5921, 0, 6121, 6221, 0, 6421, 6521, 0, 6721, 6821, 0, 7021, 7121, 0, 7321, 7421, 0, 7621, 7721, 0, 7921, 8021, 0, 8221, 8321, 0, 8521, 8621, 0, 8821, 8921, 0, 9121, 9221, 0, 9421, 9521, 0, 9721, 9821, 0
0, 0, 0, 0, 0, 0, 0, 0, 0, 0, 0, 0, 0, 0, 0, 0, 0, 0, 0, 0, 0, 0, 0, 0, 0, 0, 0, 0, 0, 0, 0, 0, 0, 0, 0, 0, 0, 0, 0, 0, 0, 0, 0, 0, 0, 0, 0, 0, 0, 0, 0, 0, 0, 0, 0, 0, 0, 0, 0, 0, 0, 0, 0, 0, 0, 0, 0, 0, 0, 0, 0, 0, 0, 0, 0, 0, 0, 0, 0, 0, 0, 0, 0, 0, 0, 0, 0, 0, 0, 0, 0, 0, 0, 0, 0, 0, 0, 0, 0, 0
23, 0, 223, 323, 0, 523, 623, 0, 823, 923, 0, 1123, 1223, 0, 1423, 1523, 0, 1723, 1823, 0, 2023, 2123, 0, 2323, 2423, 0, 2623, 2723, 0, 2923, 3023, 0, 3223, 3323, 0, 3523, 3623, 0, 3823, 3923, 0, 4123, 4223, 0, 4423, 4523, 0, 4723, 4823, 0, 5023, 5123, 0, 5323, 5423, 0, 5623, 5723, 0, 5923, 6023, 0, 6223, 6323, 0, 6523, 6623, 0, 6823, 6923, 0, 7123, 7223, 0, 7423, 7523, 0, 7723, 7823, 0, 8023, 8123, 0, 8323, 8423, 0, 8623, 8723, 0, 8923, 9023, 0, 9223, 9323, 0, 9523, 9623, 0, 9823, 9923
0, 0, 0, 0, 0, 0, 0, 0, 0, 0, 0, 0, 0, 0, 0, 0, 0, 0, 0, 0, 0, 0, 0, 0, 0, 0, 0, 0, 0, 0, 0, 0, 0, 0, 0, 0, 0, 0, 0, 0, 0, 0, 0, 0, 0, 0, 0, 0, 0, 0, 0, 0, 0, 0, 0, 0, 0, 0, 0, 0, 0, 0, 0, 0, 0, 0, 0, 0, 0, 0, 0, 0, 0, 0, 0, 0, 0, 0, 0, 0, 0, 0, 0, 0, 0, 0, 0, 0, 0, 0, 0, 0, 0, 0, 0, 0, 0, 0, 0, 0
25, 125, 0, 325, 425, 0, 625, 725, 0, 925, 1025, 0, 1225, 1325, 0, 1525, 1625, 0, 1825, 1925, 0, 2125, 2225, 0, 2425, 2525, 0, 2725, 2825, 0, 3025, 3125, 0, 3325, 3425, 0, 3625, 3725, 0, 3925, 4025, 0, 4225, 4325, 0, 4525, 4625, 0, 4825, 4925, 0, 5125, 5225, 0, 5425, 5525, 0, 5725, 5825, 0, 6025, 6125, 0, 6325, 6425, 0, 6625, 6725, 0, 6925, 7025, 0, 7225, 7325, 0, 7525, 7625, 0, 7825, 7925, 0, 8125, 8225, 0, 8425, 8525, 0, 8725, 8825, 0, 9025, 9125, 0, 9325, 9425, 0, 9625, 9725, 0, 9925
0, 0, 0, 0, 0, 0, 0, 0, 0, 0, 0, 0, 0, 0, 0, 0, 0, 0, 0, 0, 0, 0, 0, 0, 0, 0, 0, 0, 0, 0, 0, 0, 0, 0, 0, 0, 0, 0, 0, 0, 0, 0, 0, 0, 0, 0, 0, 0, 0, 0, 0, 0, 0, 0, 0, 0, 0, 0, 0, 0, 0, 0, 0, 0, 0, 0, 0, 0, 0, 0, 0, 0, 0, 0, 0, 0, 0, 0, 0, 0, 0, 0, 0, 0, 0, 0, 0, 0, 0, 0, 0, 0, 0, 0, 0, 0, 0, 0, 0, 0
0, 127, 227, 0, 427, 527, 0, 727, 827, 0, 1027, 1127, 0, 1327, 1427, 0, 1627, 1727, 0, 1927, 2027, 0, 2227, 2327, 0, 2527, 2627, 0, 2827, 2927, 0, 3127, 3227, 0, 3427, 3527, 0, 3727, 3827, 0, 4027, 4127, 0, 4327, 4427, 0, 4627, 4727, 0, 4927, 5027, 0, 5227, 5327, 0, 5527, 5627, 0, 5827, 5927, 0, 6127, 6227, 0, 6427, 6527, 0, 6727, 6827, 0, 7027, 7127, 0, 7327, 7427, 0, 7627, 7727, 0, 7927, 8027, 0, 8227, 8327, 0, 8527, 8627, 0, 8827, 8927, 0, 9127, 9227, 0, 9427, 9527, 0, 9727, 9827, 0
0, 0, 0, 0, 0, 0, 0, 0, 0, 0, 0, 0, 0, 0, 0, 0, 0, 0, 0, 0, 0, 0, 0, 0, 0, 0, 0, 0, 0, 0, 0, 0, 0, 0, 0, 0, 0, 0, 0, 0, 0, 0, 0, 0, 0, 0, 0, 0, 0, 0, 0, 0, 0, 0, 0, 0, 0, 0, 0, 0, 0, 0, 0, 0, 0, 0, 0, 0, 0, 0, 0, 0, 0, 0, 0, 0, 0, 0, 0, 0, 0, 0, 0, 0, 0, 0, 0, 0, 0, 0, 0, 0, 0, 0, 0, 0, 0, 0, 0, 0
29, 0, 229, 329, 0, 529, 629, 0, 829, 929, 0, 1129, 1229, 0, 1429, 1529, 0, 1729, 1829, 0, 2029, 2129, 0, 2329, 2429, 0, 2629, 2729, 0, 2929, 3029, 0, 3229, 3329, 0, 3529, 3629, 0, 3829, 3929, 0, 4129, 4229, 0, 4429, 4529, 0, 4729, 4829, 0, 5029, 5129, 0, 5329, 5429, 0, 5629, 5729, 0, 5929, 6029, 0, 6229, 6329, 0, 6529, 6629, 0, 6829, 6929, 0, 7129, 7229, 0, 7429, 7529, 0, 7729, 7829, 0, 8029, 8129, 0, 8329, 8429, 0, 8629, 8729, 0, 8929, 9029, 0, 9229, 9329, 0, 9529, 9629, 0, 9829, 9929
0, 0, 0, 0, 0, 0, 0, 0, 0, 0, 0, 0, 0, 0, 0, 0, 0, 0, 0, 0, 0, 0, 0, 0, 0, 0, 0, 0, 0, 0, 0, 0, 0, 0, 0, 0, 0, 0, 0, 0, 0, 0, 0, 0, 0, 0, 0, 0, 0, 0, 0, 0, 0, 0, 0, 0, 0, 0, 0, 0, 0, 0, 0, 0, 0, 0, 0, 0, 0, 0, 0, 0, 0, 0, 0, 0, 0, 0, 0, 0, 0, 0, 0, 0, 0, 0, 0, 0, 0, 0, 0, 0, 0, 0, 0, 0, 0, 0, 0, 0
31, 131, 0, 331, 431, 0, 631, 731, 0, 931, 1031, 0, 1231, 1331, 0, 1531, 1631, 0, 1831, 1931, 0, 2131, 2231, 0, 2431, 2531, 0, 2731, 2831, 0, 3031, 3131, 0, 3331, 3431, 0, 3631, 3731, 0, 3931, 4031, 0, 4231, 4331, 0, 4531, 4631, 0, 4831, 4931, 0, 5131, 5231, 0, 5431, 5531, 0, 5731, 5831, 0, 6031, 6131, 0, 6331, 6431, 0, 6631, 6731, 0, 6931, 7031, 0, 7231, 7331, 0, 7531, 7631, 0, 7831, 7931, 0, 8131, 8231, 0, 8431, 8531, 0, 8731, 8831, 0, 9031, 9131, 0, 9331, 9431, 0, 9631, 9731, 0, 9931
0, 0, 0, 0, 0, 0, 0, 0, 0, 0, 0, 0, 0, 0, 0, 0, 0, 0, 0, 0, 0, 0, 0, 0, 0, 0, 0, 0, 0, 0, 0, 0, 0, 0, 0, 0, 0, 0, 0, 0, 0, 0, 0, 0, 0, 0, 0, 0, 0, 0, 0, 0, 0, 0, 0, 0, 0, 0, 0, 0, 0, 0, 0, 0, 0, 0, 0, 0, 0, 0, 0, 0, 0, 0, 0, 0, 0, 0, 0, 0, 0, 0, 0, 0, 0, 0, 0, 0, 0, 0, 0, 0, 0, 0, 0, 0, 0, 0, 0, 0
0, 133, 233, 0, 433, 533, 0, 733, 833, 0, 1033, 1133, 0, 1333, 1433, 0, 1633, 1733, 0, 1933, 2033, 0, 2233, 2333, 0, 2533, 2633, 0, 2833, 2933, 0, 3133, 3233, 0, 3433, 3533, 0, 3733, 3833, 0, 4033, 4133, 0, 4333, 4433, 0, 4633, 4733, 0, 4933, 5033, 0, 5233, 5333, 0, 5533, 5633, 0, 5833, 5933, 0, 6133, 6233, 0, 6433, 6533, 0, 6733, 6833, 0, 7033, 7133, 0, 7333, 7433, 0, 7633, 7733, 0, 7933, 8033, 0, 8233, 8333, 0, 8533, 8633, 0, 8833, 8933, 0, 9133, 9233, 0, 9433, 9533, 0, 9733, 9833, 0
0, 0, 0, 0, 0, 0, 0, 0, 0, 0, 0, 0, 0, 0, 0, 0, 0, 0, 0, 0, 0, 0, 0, 0, 0, 0, 0, 0, 0, 0, 0, 0, 0, 0, 0, 0, 0, 0, 0, 0, 0, 0, 0, 0, 0, 0, 0, 0, 0, 0, 0, 0, 0, 0, 0, 0, 0, 0, 0, 0, 0, 0, 0, 0, 0, 0, 0, 0, 0, 0, 0, 0, 0, 0, 0, 0, 0, 0, 0, 0, 0, 0, 0, 0, 0, 0, 0, 0, 0, 0, 0, 0, 0, 0, 0, 0, 0, 0, 0, 0
35, 0, 235, 335, 0, 535, 635, 0, 835, 935, 0, 1135, 1235, 0, 1435, 1535, 0, 1735, 1835, 0, 2035, 2135, 0, 2335, 2435, 0, 2635, 2735, 0, 2935, 3035, 0, 3235, 3335, 0, 3535, 3635, 0, 3835, 3935, 0, 4135, 4235, 0, 4435, 4535, 0, 4735, 4835, 0, 5035, 5135, 0, 5335, 5435, 0, 5635, 5735, 0, 5935, 6035, 0, 6235, 6335, 0, 6535, 6635, 0, 6835, 6935, 0, 7135, 7235, 0, 7435, 7535, 0, 7735, 7835, 0, 8035, 8135, 0, 8335, 8435, 0, 8635, 8735, 0, 8935, 9035, 0, 9235, 9335, 0, 9535, 9635, 0, 9835, 9935
0, 0, 0, 0, 0, 0, 0, 0, 0, 0, 0, 0, 0, 0, 0, 0, 0, 0, 0, 0, 0, 0, 0, 0, 0, 0, 0, 0, 0, 0, 0, 0, 0, 0, 0, 0, 0, 0, 0, 0, 0, 0, 0, 0, 0, 0, 0, 0, 0, 0, 0, 0, 0, 0, 0, 0, 0, 0, 0, 0, 0, 0, 0, 0, 0, 0, 0, 0, 0, 0, 0, 0, 0, 0, 0, 0, 0, 0, 0, 0, 0, 0, 0, 0, 0, 0, 0, 0, 0, 0, 0, 0, 0, 0, 0, 0, 0, 0, 0, 0
37, 137, 0, 337, 437, 0, 637, 737, 0, 937, 1037, 0, 1237, 1337, 0, 1537, 1637, 0, 1837, 1937, 0, 2137, 2237, 0, 2437, 2537, 0, 2737, 2837, 0, 3037, 3137, 0, 3337, 3437, 0, 3637, 3737, 0, 3937, 4037, 0, 4237, 4337, 0, 4537, 4637, 0, 4837, 4937, 0, 5137, 5237, 0, 5437, 5537, 0, 5737, 5837, 0, 6037, 6137, 0, 6337, 6437, 0, 6637, 6737, 0, 6937, 7037, 0, 7237, 7337, 0, 7537, 7637, 0, 7837, 7937, 0, 8137, 8237, 0, 8437, 8537, 0, 8737, 8837, 0, 9037, 9137, 0, 9337, 9437, 0, 9637, 9737, 0, 9937
0, 0, 0, 0, 0, 0, 0, 0, 0, 0, 0, 0, 0, 0, 0, 0, 0, 0, 0, 0, 0, 0, 0, 0, 0, 0, 0, 0, 0, 0, 0, 0, 0, 0, 0, 0, 0, 0, 0, 0, 0, 0, 0, 0, 0, 0, 0, 0, 0, 0, 0, 0, 0, 0, 0, 0, 0, 0, 0, 0, 0, 0, 0, 0, 0, 0, 0, 0, 0, 0, 0, 0, 0, 0, 0, 0, 0, 0, 0, 0, 0, 0, 0, 0, 0, 0, 0, 0, 0, 0, 0, 0, 0, 0, 0, 0, 0, 0, 0, 0
0, 139, 239, 0, 439, 539, 0, 739, 839, 0, 1039, 1139, 0, 1339, 1439, 0, 1639, 1739, 0, 1939, 2039, 0, 2239, 2339, 0, 2539, 2639, 0, 2839, 2939, 0, 3139, 3239, 0, 3439, 3539, 0, 3739, 3839, 0, 4039, 4139, 0, 4339, 4439, 0, 4639, 4739, 0, 4939, 5039, 0, 5239, 5339, 0, 5539, 5639, 0, 5839, 5939, 0, 6139, 6239, 0, 6439, 6539, 0, 6739, 6839, 0, 7039, 7139, 0, 7339, 7439, 0, 7639, 7739, 0, 7939, 8039, 0, 8239, 8339, 0, 8539, 8639, 0, 8839, 8939, 0, 9139, 9239, 0, 9439, 9539, 0, 9739, 9839, 0
0, 0, 0, 0, 0, 0, 0, 0, 0, 0, 0, 0, 0, 0, 0, 0, 0, 0, 0, 0, 0, 0, 0, 0, 0, 0, 0, 0, 0, 0, 0, 0, 0, 0, 0, 0, 0, 0, 0, 0, 0, 0, 0, 0, 0, 0, 0, 0, 0, 0, 0, 0, 0, 0, 0, 0, 0, 0, 0, 0, 0, 0, 0, 0, 0, 0, 0, 0, 0, 0, 0, 0, 0, 0, 0, 0, 0, 0, 0, 0, 0, 0, 0, 0, 0, 0, 0, 0, 0, 0, 0, 0, 0, 0, 0, 0, 0, 0, 0, 0
41, 0, 241, 341, 0, 541, 641, 0, 841, 941, 0, 1141, 1241, 0, 1441, 1541, 0, 1741, 1841, 0, 2041, 2141, 0, 2341, 2441, 0, 2641, 2741, 0, 2941, 3041, 0, 3241, 3341, 0, 3541, 3641, 0, 3841, 3941, 0, 4141, 4241, 0, 4441, 4541, 0, 4741, 4841, 0, 5041, 5141, 0, 5341, 5441, 0, 5641, 5741, 0, 5941, 6041, 0, 6241, 6341, 0, 6541, 6641, 0, 6841, 6941, 0, 7141, 7241, 0, 7441, 7541, 0, 7741, 7841, 0, 8041, 8141, 0, 8341, 8441, 0, 8641, 8741, 0, 8941, 9041, 0, 9241, 9341, 0, 9541, 9641, 0, 9841, 9941
0, 0, 0, 0, 0, 0, 0, 0, 0, 0, 0, 0, 0, 0, 0, 0, 0, 0, 0, 0, 0, 0, 0, 0, 0, 0, 0, 0, 0, 0, 0, 0, 0, 0, 0, 0, 0, 0, 0, 0, 0, 0, 0, 0, 0, 0, 0, 0, 0, 0, 0, 0, 0, 0, 0, 0, 0, 0, 0, 0, 0, 0, 0, 0, 0, 0, 0, 0, 0, 0, 0, 0, 0, 0, 0, 0, 0, 0, 0, 0, 0, 0, 0, 0, 0, 0, 0, 0, 0, 0, 0, 0, 0, 0, 0, 0, 0, 0, 0, 0
43, 143, 0, 343, 443, 0, 643, 743, 0, 943, 1043, 0, 1243, 1343, 0, 1543, 1643, 0, 1843, 1943, 0, 2143, 2243, 0, 2443, 2543, 0, 2743, 2843, 0, 3043, 3143, 0, 3343, 3443, 0, 3643, 3743, 0, 3943, 4043, 0, 4243, 4343, 0, 4543, 4643, 0, 4843, 4943, 0, 5143, 5243, 0, 5443, 5543, 0, 5743, 5843, 0, 6043, 6143, 0, 6343, 6443, 0, 6643, 6743, 0, 6943, 7043, 0, 7243, 7343, 0, 7543, 7643, 0, 7843, 7943, 0, 8143, 8243, 0, 8443, 8543, 0, 8743, 8843, 0, 9043, 9143, 0, 9343, 9443, 0, 9643, 9743, 0, 9943
0, 0, 0, 0, 0, 0, 0, 0, 0, 0, 0, 0, 0, 0, 0, 0, 0, 0, 0, 0, 0, 0, 0, 0, 0, 0, 0, 0, 0, 0, 0, 0, 0, 0, 0, 0, 0, 0, 0, 0, 0, 0, 0, 0, 0, 0, 0, 0, 0, 0, 0, 0, 0, 0, 0, 0, 0, 0, 0, 0, 0, 0, 0, 0, 0, 0, 0, 0, 0, 0, 0, 0, 0, 0, 0, 0, 0, 0, 0, 0, 0, 0, 0, 0, 0, 0, 0, 0, 0, 0, 0, 0, 0, 0, 0, 0, 0, 0, 0, 0
0, 145, 245, 0, 445, 545, 0, 745, 845, 0, 1045, 1145, 0, 1345, 1445, 0, 1645, 1745, 0, 1945, 2045, 0, 2245, 2345, 0, 2545, 2645, 0, 2845, 2945, 0, 3145, 3245, 0, 3445, 3545, 0, 3745, 3845, 0, 4045, 4145, 0, 4345, 4445, 0, 4645, 4745, 0, 4945, 5045, 0, 5245, 5345, 0, 5545, 5645, 0, 5845, 5945, 0, 6145, 6245, 0, 6445, 6545, 0, 6745, 6845, 0, 7045, 7145, 0, 7345, 7445, 0, 7645, 7745, 0, 7945, 8045, 0, 8245, 8345, 0, 8545, 8645, 0, 8845, 8945, 0, 9145, 9245, 0, 9445, 9545, 0, 9745, 9845, 0
0, 0, 0, 0, 0, 0, 0, 0, 0, 0, 0, 0, 0, 0, 0, 0, 0, 0, 0, 0, 0, 0, 0, 0, 0, 0, 0, 0, 0, 0, 0, 0, 0, 0, 0, 0, 0, 0, 0, 0, 0, 0, 0, 0, 0, 0, 0, 0, 0, 0, 0, 0, 0, 0, 0, 0, 0, 0, 0, 0, 0, 0, 0, 0, 0, 0, 0, 0, 0, 0, 0, 0, 0, 0, 0, 0, 0, 0, 0, 0, 0, 0, 0, 0, 0, 0, 0, 0, 0, 0, 0, 0, 0, 0, 0, 0, 0, 0, 0, 0
47, 0, 247, 347, 0, 547, 647, 0, 847, 947, 0, 1147, 1247, 0, 1447, 1547, 0, 1747, 1847, 0, 2047, 2147, 0, 2347, 2447, 0, 2647, 2747, 0, 2947, 3047, 0, 3247, 3347, 0, 3547, 3647, 0, 3847, 3947, 0, 4147, 4247, 0, 4447, 4547, 0, 4747, 4847, 0, 5047, 5147, 0, 5347, 5447, 0, 5647, 5747, 0, 5947, 6047, 0, 6247, 6347, 0, 6547, 6647, 0, 6847, 6947, 0, 7147, 7247, 0, 7447, 7547, 0, 7747, 7847, 0, 8047, 8147, 0, 8347, 8447, 0, 8647, 8747, 0, 8947, 9047, 0, 9247, 9347, 0, 9547, 9647, 0, 9847, 9947
0, 0, 0, 0, 0, 0, 0, 0, 0, 0, 0, 0, 0, 0, 0, 0, 0, 0, 0, 0, 0, 0, 0, 0, 0, 0, 0, 0, 0, 0, 0, 0, 0, 0, 0, 0, 0, 0, 0, 0, 0, 0, 0, 0, 0, 0, 0, 0, 0, 0, 0, 0, 0, 0, 0, 0, 0, 0, 0, 0, 0, 0, 0, 0, 0, 0, 0, 0, 0, 0, 0, 0, 0, 0, 0, 0, 0, 0, 0, 0, 0, 0, 0, 0, 0, 0, 0, 0, 0, 0, 0, 0, 0, 0, 0, 0, 0, 0, 0, 0
49, 149, 0, 349, 449, 0, 649, 749, 0, 949, 1049, 0, 1249, 1349, 0, 1549, 1649, 0, 1849, 1949, 0, 2149, 2249, 0, 2449, 2549, 0, 2749, 2849, 0, 3049, 3149, 0, 3349, 3449, 0, 3649, 3749, 0, 3949, 4049, 0, 4249, 4349, 0, 4549, 4649, 0, 4849, 4949, 0, 5149, 5249, 0, 5449, 5549, 0, 5749, 5849, 0, 6049, 6149, 0, 6349, 6449, 0, 6649, 6749, 0, 6949, 7049, 0, 7249, 7349, 0, 7549, 7649, 0, 7849, 7949, 0, 8149, 8249, 0, 8449, 8549, 0, 8749, 8849, 0, 9049, 9149, 0, 9349, 9449, 0, 9649, 9749, 0, 9949
0, 0, 0, 0, 0, 0, 0, 0, 0, 0, 0, 0, 0, 0, 0, 0, 0, 0, 0, 0, 0, 0, 0, 0, 0, 0, 0, 0, 0, 0, 0, 0, 0, 0, 0, 0, 0, 0, 0, 0, 0, 0, 0, 0, 0, 0, 0, 0, 0, 0, 0, 0, 0, 0, 0, 0, 0, 0, 0, 0, 0, 0, 0, 0, 0, 0, 0, 0, 0, 0, 0, 0, 0, 0, 0, 0, 0, 0, 0, 0, 0, 0, 0, 0, 0, 0, 0, 0, 0, 0, 0, 0, 0, 0, 0, 0, 0, 0, 0, 0
0, 151, 251, 0, 451, 551, 0, 751, 851, 0, 1051, 1151, 0, 1351, 1451, 0, 1651, 1751, 0, 1951, 2051, 0, 2251, 2351, 0, 2551, 2651, 0, 2851, 2951, 0, 3151, 3251, 0, 3451, 3551, 0, 3751, 3851, 0, 4051, 4151, 0, 4351, 4451, 0, 4651, 4751, 0, 4951, 5051, 0, 5251, 5351, 0, 5551, 5651, 0, 5851, 5951, 0, 6151, 6251, 0, 6451, 6551, 0, 6751, 6851, 0, 7051, 7151, 0, 7351, 7451, 0, 7651, 7751, 0, 7951, 8051, 0, 8251, 8351, 0, 8551, 8651, 0, 8851, 8951, 0, 9151, 9251, 0, 9451, 9551, 0, 9751, 9851, 0
0, 0, 0, 0, 0, 0, 0, 0, 0, 0, 0, 0, 0, 0, 0, 0, 0, 0, 0, 0, 0, 0, 0, 0, 0, 0, 0, 0, 0, 0, 0, 0, 0, 0, 0, 0, 0, 0, 0, 0, 0, 0, 0, 0, 0, 0, 0, 0, 0, 0, 0, 0, 0, 0, 0, 0, 0, 0, 0, 0, 0, 0, 0, 0, 0, 0, 0, 0, 0, 0, 0, 0, 0, 0, 0, 0, 0, 0, 0, 0, 0, 0, 0, 0, 0, 0, 0, 0, 0, 0, 0, 0, 0, 0, 0, 0, 0, 0, 0, 0
53, 0, 253, 353, 0, 553, 653, 0, 853, 953, 0, 1153, 1253, 0, 1453, 1553, 0, 1753, 1853, 0, 2053, 2153, 0, 2353, 2453, 0, 2653, 2753, 0, 2953, 3053, 0, 3253, 3353, 0, 3553, 3653, 0, 3853, 3953, 0, 4153, 4253, 0, 4453, 4553, 0, 4753, 4853, 0, 5053, 5153, 0, 5353, 5453, 0, 5653, 5753, 0, 5953, 6053, 0, 6253, 6353, 0, 6553, 6653, 0, 6853, 6953, 0, 7153, 7253, 0, 7453, 7553, 0, 7753, 7853, 0, 8053, 8153, 0, 8353, 8453, 0, 8653, 8753, 0, 8953, 9053, 0, 9253, 9353, 0, 9553, 9653, 0, 9853, 9953
0, 0, 0, 0, 0, 0, 0, 0, 0, 0, 0, 0, 0, 0, 0, 0, 0, 0, 0, 0, 0, 0, 0, 0, 0, 0, 0, 0, 0, 0, 0, 0, 0, 0, 0, 0, 0, 0, 0, 0, 0, 0, 0, 0, 0, 0, 0, 0, 0, 0, 0, 0, 0, 0, 0, 0, 0, 0, 0, 0, 0, 0, 0, 0, 0, 0, 0, 0, 0, 0, 0, 0, 0, 0, 0, 0, 0, 0, 0, 0, 0, 0, 0, 0, 0, 0, 0, 0, 0, 0, 0, 0, 0, 0, 0, 0, 0, 0, 0, 0
55, 155, 0, 355, 455, 0, 655, 755, 0, 955, 1055, 0, 1255, 1355, 0, 1555, 1655, 0, 1855, 1955, 0, 2155, 2255, 0, 2455, 2555, 0, 2755, 2855, 0, 3055, 3155, 0, 3355, 3455, 0, 3655, 3755, 0, 3955, 4055, 0, 4255, 4355, 0, 4555, 4655, 0, 4855, 4955, 0, 5155, 5255, 0, 5455, 5555, 0, 5755, 5855, 0, 6055, 6155, 0, 6355, 6455, 0, 6655, 6755, 0, 6955, 7055, 0, 7255, 7355, 0, 7555, 7655, 0, 7855, 7955, 0, 8155, 8255, 0, 8455, 8555, 0, 8755, 8855, 0, 9055, 9155, 0, 9355, 9455, 0, 9655, 9755, 0, 9955
0, 0, 0, 0, 0, 0, 0, 0, 0, 0, 0, 0, 0, 0, 0, 0, 0, 0, 0, 0, 0, 0, 0, 0, 0, 0, 0, 0, 0, 0, 0, 0, 0, 0, 0, 0, 0, 0, 0, 0, 0, 0, 0, 0, 0, 0, 0, 0, 0, 0, 0, 0, 0, 0, 0, 0, 0, 0, 0, 0, 0, 0, 0, 0, 0, 0, 0, 0, 0, 0, 0, 0, 0, 0, 0, 0, 0, 0, 0, 0, 0, 0, 0, 0, 0, 0, 0, 0, 0, 0, 0, 0, 0, 0, 0, 0, 0, 0, 0, 0
0, 157, 257, 0, 457, 557, 0, 757, 857, 0, 1057, 1157, 0, 1357, 1457, 0, 1657, 1757, 0, 1957, 2057, 0, 2257, 2357, 0, 2557, 2657, 0, 2857, 2957, 0, 3157, 3257, 0, 3457, 3557, 0, 3757, 3857, 0, 4057, 4157, 0, 4357, 4457, 0, 4657, 4757, 0, 4957, 5057, 0, 5257, 5357, 0, 5557, 5657, 0, 5857, 5957, 0, 6157, 6257, 0, 6457, 6557, 0, 6757, 6857, 0, 7057, 7157, 0, 7357, 7457, 0, 7657, 7757, 0, 7957, 8057, 0, 8257, 8357, 0, 8557, 8657, 0, 8857, 8957, 0, 9157, 9257, 0, 9457, 9557, 0, 9757, 9857, 0
0, 0, 0, 0, 0, 0, 0, 0, 0, 0, 0, 0, 0, 0, 0, 0, 0, 0, 0, 0, 0, 0, 0, 0, 0, 0, 0, 0, 0, 0, 0, 0, 0, 0, 0, 0, 0, 0, 0, 0, 0, 0, 0, 0, 0, 0, 0, 0, 0, 0, 0, 0, 0, 0, 0, 0, 0, 0, 0, 0, 0, 0, 0, 0, 0, 0, 0, 0, 0, 0, 0, 0, 0, 0, 0, 0, 0, 0, 0, 0, 0, 0, 0, 0, 0, 0, 0, 0, 0, 0, 0, 0, 0, 0, 0, 0, 0, 0, 0, 0
59, 0, 259, 359, 0, 559, 659, 0, 859, 959, 0, 1159, 1259, 0, 1459, 1559, 0, 1759, 1859, 0, 2059, 2159, 0, 2359, 2459, 0, 2659, 2759, 0, 2959, 3059, 0, 3259, 3359, 0, 3559, 3659, 0, 3859, 3959, 0, 4159, 4259, 0, 4459, 4559, 0, 4759, 4859, 0, 5059, 5159, 0, 5359, 5459, 0, 5659, 5759, 0, 5959, 6059, 0, 6259, 6359, 0, 6559, 6659, 0, 6859, 6959, 0, 7159, 7259, 0, 7459, 7559, 0, 7759, 7859, 0, 8059, 8159, 0, 8359, 8459, 0, 8659, 8759, 0, 8959, 9059, 0, 9259, 9359, 0, 9559, 9659, 0, 9859, 9959
0, 0, 0, 0, 0, 0, 0, 0, 0, 0, 0, 0, 0, 0, 0, 0, 0, 0, 0, 0, 0, 0, 0, 0, 0, 0, 0, 0, 0, 0, 0, 0, 0, 0, 0, 0, 0, 0, 0, 0, 0, 0, 0, 0, 0, 0, 0, 0, 0, 0, 0, 0, 0, 0, 0, 0, 0, 0, 0, 0, 0, 0, 0, 0, 0, 0, 0, 0, 0, 0, 0, 0, 0, 0, 0, 0, 0, 0, 0, 0, 0, 0, 0, 0, 0, 0, 0, 0, 0, 0, 0, 0, 0, 0, 0, 0, 0, 0, 0, 0
61, 161, 0, 361, 461, 0, 661, 761, 0, 961, 1061, 0, 1261, 1361, 0, 1561, 1661, 0, 1861, 1961, 0, 2161, 2261, 0, 2461, 2561, 0, 2761, 2861, 0, 3061, 3161, 0, 3361, 3461, 0, 3661, 3761, 0, 3961, 4061, 0, 4261, 4361, 0, 4561, 4661, 0, 4861, 4961, 0, 5161, 5261, 0, 5461, 5561, 0, 5761, 5861, 0, 6061, 6161, 0, 6361, 6461, 0, 6661, 6761, 0, 6961, 7061, 0, 7261, 7361, 0, 7561, 7661, 0, 7861, 7961, 0, 8161, 8261, 0, 8461, 8561, 0, 8761, 8861, 0, 9061, 9161, 0, 9361, 9461, 0, 9661, 9761, 0, 9961
0, 0, 0, 0, 0, 0, 0, 0, 0, 0, 0, 0, 0, 0, 0, 0, 0, 0, 0, 0, 0, 0, 0, 0, 0, 0, 0, 0, 0, 0, 0, 0, 0, 0, 0, 0, 0, 0, 0, 0, 0, 0, 0, 0, 0, 0, 0, 0, 0, 0, 0, 0, 0, 0, 0, 0, 0, 0, 0, 0, 0, 0, 0, 0, 0, 0, 0, 0, 0, 0, 0, 0, 0, 0, 0, 0, 0, 0, 0, 0, 0, 0, 0, 0, 0, 0, 0, 0, 0, 0, 0, 0, 0, 0, 0, 0, 0, 0, 0, 0
0, 163, 263, 0, 463, 563, 0, 763, 863, 0, 1063, 1163, 0, 1363, 1463, 0, 1663, 1763, 0, 1963, 2063, 0, 2263, 2363, 0, 2563, 2663, 0, 2863, 2963, 0, 3163, 3263, 0, 3463, 3563, 0, 3763, 3863, 0, 4063, 4163, 0, 4363, 4463, 0, 4663, 4763, 0, 4963, 5063, 0, 5263, 5363, 0, 5563, 5663, 0, 5863, 5963, 0, 6163, 6263, 0, 6463, 6563, 0, 6763, 6863, 0, 7063, 7163, 0, 7363, 7463, 0, 7663, 7763, 0, 7963, 8063, 0, 8263, 8363, 0, 8563, 8663, 0, 8863, 8963, 0, 9163, 9263, 0, 9463, 9563, 0, 9763, 9863, 0
0, 0, 0, 0, 0, 0, 0, 0, 0, 0, 0, 0, 0, 0, 0, 0, 0, 0, 0, 0, 0, 0, 0, 0, 0, 0, 0, 0, 0, 0, 0, 0, 0, 0, 0, 0, 0, 0, 0, 0, 0, 0, 0, 0, 0, 0, 0, 0, 0, 0, 0, 0, 0, 0, 0, 0, 0, 0, 0, 0, 0, 0, 0, 0, 0, 0, 0, 0, 0, 0, 0, 0, 0, 0, 0, 0, 0, 0, 0, 0, 0, 0, 0, 0, 0, 0, 0, 0, 0, 0, 0, 0, 0, 0, 0, 0, 0, 0, 0, 0
65, 0, 265, 365, 0, 565, 665, 0, 865, 965, 0, 1165, 1265, 0, 1465, 1565, 0, 1765, 1865, 0, 2065, 2165, 0, 2365, 2465, 0, 2665, 2765, 0, 2965, 3065, 0, 3265, 3365, 0, 3565, 3665, 0, 3865, 3965, 0, 4165, 4265, 0, 4465, 4565, 0, 4765, 4865, 0, 5065, 5165, 0, 5365, 5465, 0, 5665, 5765, 0, 5965, 6065, 0, 6265, 6365, 0, 6565, 6665, 0, 6865, 6965, 0, 7165, 7265, 0, 7465, 7565, 0, 7765, 7865, 0, 8065, 8165, 0, 8365, 8465, 0, 8665, 8765, 0, 8965, 9065, 0, 9265, 9365, 0, 9565, 9665, 0, 9865, 9965
0, 0, 0, 0, 0, 0, 0, 0, 0, 0, 0, 0, 0, 0, 0, 0, 0, 0, 0, 0, 0, 0, 0, 0, 0, 0, 0, 0, 0, 0, 0, 0, 0, 0, 0, 0, 0, 0, 0, 0, 0, 0, 0, 0, 0, 0, 0, 0, 0, 0, 0, 0, 0, 0, 0, 0, 0, 0, 0, 0, 0, 0, 0, 0, 0, 0, 0, 0, 0, 0, 0, 0, 0, 0, 0, 0, 0, 0, 0, 0, 0, 0, 0, 0, 0, 0, 0, 0, 0, 0, 0, 0, 0, 0, 0, 0, 0, 0, 0, 0
67, 167, 0, 367, 467, 0, 667, 767, 0, 967, 1067, 0, 1267, 1367, 0, 1567, 1667, 0, 1867, 1967, 0, 2167, 2267, 0, 2467, 2567, 0, 2767, 2867, 0, 3067, 3167, 0, 3367, 3467, 0, 3667, 3767, 0, 3967, 4067, 0, 4267, 4367, 0, 4567, 4667, 0, 4867, 4967, 0, 5167, 5267, 0, 5467, 5567, 0, 5767, 5867, 0, 6067, 6167, 0, 6367, 6467, 0, 6667, 6767, 0, 6967, 7067, 0, 7267, 7367, 0, 7567, 7667, 0, 7867, 7967, 0, 8167, 8267, 0, 8467, 8567, 0, 8767, 8867, 0, 9067, 9167, 0, 9367, 9467, 0, 9667, 9767, 0, 9967
0, 0, 0, 0, 0, 0, 0, 0, 0, 0, 0, 0, 0, 0, 0, 0, 0, 0, 0, 0, 0, 0, 0, 0, 0, 0, 0, 0, 0, 0, 0, 0, 0, 0, 0, 0, 0, 0, 0, 0, 0, 0, 0, 0, 0, 0, 0, 0, 0, 0, 0, 0, 0, 0, 0, 0, 0, 0, 0, 0, 0, 0, 0, 0, 0, 0, 0, 0, 0, 0, 0, 0, 0, 0, 0, 0, 0, 0, 0, 0, 0, 0, 0, 0, 0, 0, 0, 0, 0, 0, 0, 0, 0, 0, 0, 0, 0, 0, 0, 0
0, 169, 269, 0, 469, 569, 0, 769, 869, 0, 1069, 1169, 0, 1369, 1469, 0, 1669, 1769, 0, 1969, 2069, 0, 2269, 2369, 0, 2569, 2669, 0, 2869, 2969, 0, 3169, 3269, 0, 3469, 3569, 0, 3769, 3869, 0, 4069, 4169, 0, 4369, 4469, 0, 4669, 4769, 0, 4969, 5069, 0, 5269, 5369, 0, 5569, 5669, 0, 5869, 5969, 0, 6169, 6269, 0, 6469, 6569, 0, 6769, 6869, 0, 7069, 7169, 0, 7369, 7469, 0, 7669, 7769, 0, 7969, 8069, 0, 8269, 8369, 0, 8569, 8669, 0, 8869, 8969, 0, 9169, 9269, 0, 9469, 9569, 0, 9769, 9869, 0
0, 0, 0, 0, 0, 0, 0, 0, 0, 0, 0, 0, 0, 0, 0, 0, 0, 0, 0, 0, 0, 0, 0, 0, 0, 0, 0, 0, 0, 0, 0, 0, 0, 0, 0, 0, 0, 0, 0, 0, 0, 0, 0, 0, 0, 0, 0, 0, 0, 0, 0, 0, 0, 0, 0, 0, 0, 0, 0, 0, 0, 0, 0, 0, 0, 0, 0, 0, 0, 0, 0, 0, 0, 0, 0, 0, 0, 0, 0, 0, 0, 0, 0, 0, 0, 0, 0, 0, 0, 0, 0, 0, 0, 0, 0, 0, 0, 0, 0, 0
71, 0, 271, 371, 0, 571, 671, 0, 871, 971, 0, 1171, 1271, 0, 1471, 1571, 0, 1771, 1871, 0, 2071, 2171, 0, 2371, 2471, 0, 2671, 2771, 0, 2971, 3071, 0, 3271, 3371, 0, 3571, 3671, 0, 3871, 3971, 0, 4171, 4271, 0, 4471, 4571, 0, 4771, 4871, 0, 5071, 5171, 0, 5371, 5471, 0, 5671, 5771, 0, 5971, 6071, 0, 6271, 6371, 0, 6571, 6671, 0, 6871, 6971, 0, 7171, 7271, 0, 7471, 7571, 0, 7771, 7871, 0, 8071, 8171, 0, 8371, 8471, 0, 8671, 8771, 0, 8971, 9071, 0, 9271, 9371, 0, 9571, 9671, 0, 9871, 9971
0, 0, 0, 0, 0, 0, 0, 0, 0, 0, 0, 0, 0, 0, 0, 0, 0, 0, 0, 0, 0, 0, 0, 0, 0, 0, 0, 0, 0, 0, 0, 0, 0, 0, 0, 0, 0, 0, 0, 0, 0, 0, 0, 0, 0, 0, 0, 0, 0, 0, 0, 0, 0, 0, 0, 0, 0, 0, 0, 0, 0, 0, 0, 0, 0, 0, 0, 0, 0, 0, 0, 0, 0, 0, 0, 0, 0, 0, 0, 0, 0, 0, 0, 0, 0, 0, 0, 0, 0, 0, 0, 0, 0, 0, 0, 0, 0, 0, 0, 0
73, 173, 0, 373, 473, 0, 673, 773, 0, 973, 1073, 0, 1273, 1373, 0, 1573, 1673, 0, 1873, 1973, 0, 2173, 2273, 0, 2473, 2573, 0, 2773, 2873, 0, 3073, 3173, 0, 3373, 3473, 0, 3673, 3773, 0, 3973, 4073, 0, 4273, 4373, 0, 4573, 4673, 0, 4873, 4973, 0, 5173, 5273, 0, 5473, 5573, 0, 5773, 5873, 0, 6073, 6173, 0, 6373, 6473, 0, 6673, 6773, 0, 6973, 7073, 0, 7273, 7373, 0, 7573, 7673, 0, 7873, 7973, 0, 8173, 8273, 0, 8473, 8573, 0, 8773, 8873, 0, 9073, 9173, 0, 9373, 9473, 0, 9673, 9773, 0, 9973
0, 0, 0, 0, 0, 0, 0, 0, 0, 0, 0, 0, 0, 0, 0, 0, 0, 0, 0, 0, 0, 0, 0, 0, 0, 0, 0, 0, 0, 0, 0, 0, 0, 0, 0, 0, 0, 0, 0, 0, 0, 0, 0, 0, 0, 0, 0, 0, 0, 0, 0, 0, 0, 0, 0, 0, 0, 0, 0, 0, 0, 0, 0, 0, 0, 0, 0, 0, 0, 0, 0, 0, 0, 0, 0, 0, 0, 0, 0, 0, 0, 0, 0, 0, 0, 0, 0, 0, 0, 0, 0, 0, 0, 0, 0, 0, 0, 0, 0, 0
0, 175, 275, 0, 475, 575, 0, 775, 875, 0, 1075, 1175, 0, 1375, 1475, 0, 1675, 1775, 0, 1975, 2075, 0, 2275, 2375, 0, 2575, 2675, 0, 2875, 2975, 0, 3175, 3275, 0, 3475, 3575, 0, 3775, 3875, 0, 4075, 4175, 0, 4375, 4475, 0, 4675, 4775, 0, 4975, 5075, 0, 5275, 5375, 0, 5575, 5675, 0, 5875, 5975, 0, 6175, 6275, 0, 6475, 6575, 0, 6775, 6875, 0, 7075, 7175, 0, 7375, 7475, 0, 7675, 7775, 0, 7975, 8075, 0, 8275, 8375, 0, 8575, 8675, 0, 8875, 8975, 0, 9175, 9275, 0, 9475, 9575, 0, 9775, 9875, 0
0, 0, 0, 0, 0, 0, 0, 0, 0, 0, 0, 0, 0, 0, 0, 0, 0, 0, 0, 0, 0, 0, 0, 0, 0, 0, 0, 0, 0, 0, 0, 0, 0, 0, 0, 0, 0, 0, 0, 0, 0, 0, 0, 0, 0, 0, 0, 0, 0, 0, 0, 0, 0, 0, 0, 0, 0, 0, 0, 0, 0, 0, 0, 0, 0, 0, 0, 0, 0, 0, 0, 0, 0, 0, 0, 0, 0, 0, 0, 0, 0, 0, 0, 0, 0, 0, 0, 0, 0, 0, 0, 0, 0, 0, 0, 0, 0, 0, 0, 0
77, 0, 277, 377, 0, 577, 677, 0, 877, 977, 0, 1177, 1277, 0, 1477, 1577, 0, 1777, 1877, 0, 2077, 2177, 0, 2377, 2477, 0, 2677, 2777, 0, 2977, 3077, 0, 3277, 3377, 0, 3577, 3677, 0, 3877, 3977, 0, 4177, 4277, 0, 4477, 4577, 0, 4777, 4877, 0, 5077, 5177, 0, 5377, 5477, 0, 5677, 5777, 0, 5977, 6077, 0, 6277, 6377, 0, 6577, 6677, 0, 6877, 6977, 0, 7177, 7277, 0, 7477, 7577, 0, 7777, 7877, 0, 8077, 8177, 0, 8377, 8477, 0, 8677, 8777, 0, 8977, 9077, 0, 9277, 9377, 0, 9577, 9677, 0, 9877, 9977
0, 0, 0, 0, 0, 0, 0, 0, 0, 0, 0, 0, 0, 0, 0, 0, 0, 0, 0, 0, 0, 0, 0, 0, 0, 0, 0, 0, 0, 0, 0, 0, 0, 0, 0, 0, 0, 0, 0, 0, 0, 0, 0, 0, 0, 0, 0, 0, 0, 0, 0, 0, 0, 0, 0, 0, 0, 0, 0, 0, 0, 0, 0, 0, 0, 0, 0, 0, 0, 0, 0, 0, 0, 0, 0, 0, 0, 0, 0, 0, 0, 0, 0, 0, 0, 0, 0, 0, 0, 0, 0, 0, 0, 0, 0, 0, 0, 0, 0, 0
79, 179, 0, 379, 479, 0, 679, 779, 0, 979, 1079, 0, 1279, 1379, 0, 1579, 1679, 0, 1879, 1979, 0, 2179, 2279, 0, 2479, 2579, 0, 2779, 2879, 0, 3079, 3179, 0, 3379, 3479, 0, 3679, 3779, 0, 3979, 4079, 0, 4279, 4379, 0, 4579, 4679, 0, 4879, 4979, 0, 5179, 5279, 0, 5479, 5579, 0, 5779, 5879, 0, 6079, 6179, 0, 6379, 6479, 0, 6679, 6779, 0, 6979, 7079, 0, 7279, 7379, 0, 7579, 7679, 0, 7879, 7979, 0, 8179, 8279, 0, 8479, 8579, 0, 8779, 8879, 0, 9079, 9179, 0, 9379, 9479, 0, 9679, 9779, 0, 9979
0, 0, 0, 0, 0, 0, 0, 0, 0, 0, 0, 0, 0, 0, 0, 0, 0, 0, 0, 0, 0, 0, 0, 0, 0, 0, 0, 0, 0, 0, 0, 0, 0, 0, 0, 0, 0, 0, 0, 0, 0, 0, 0, 0, 0, 0, 0, 0, 0, 0, 0, 0, 0, 0, 0, 0, 0, 0, 0, 0, 0, 0, 0, 0, 0, 0, 0, 0, 0, 0, 0, 0, 0, 0, 0, 0, 0, 0, 0, 0, 0, 0, 0, 0, 0, 0, 0, 0, 0, 0, 0, 0, 0, 0, 0, 0, 0, 0, 0, 0
0, 181, 281, 0, 481, 581, 0, 781, 881, 0, 1081, 1181, 0, 1381, 1481, 0, 1681, 1781, 0, 1981, 2081, 0, 2281, 2381, 0, 2581, 2681, 0, 2881, 2981, 0, 3181, 3281, 0, 3481, 3581, 0, 3781, 3881, 0, 4081, 4181, 0, 4381, 4481, 0, 4681, 4781, 0, 4981, 5081, 0, 5281, 5381, 0, 5581, 5681, 0, 5881, 5981, 0, 6181, 6281, 0, 6481, 6581, 0, 6781, 6881, 0, 7081, 7181, 0, 7381, 7481, 0, 7681, 7781, 0, 7981, 8081, 0, 8281, 8381, 0, 8581, 8681, 0, 8881, 8981, 0, 9181, 9281, 0, 9481, 9581, 0, 9781, 9881, 0
0, 0, 0, 0, 0, 0, 0, 0, 0, 0, 0, 0, 0, 0, 0, 0, 0, 0, 0, 0, 0, 0, 0, 0, 0, 0, 0, 0, 0, 0, 0, 0, 0, 0, 0, 0, 0, 0, 0, 0, 0, 0, 0, 0, 0, 0, 0, 0, 0, 0, 0, 0, 0, 0, 0, 0, 0, 0, 0, 0, 0, 0, 0, 0, 0, 0, 0, 0, 0, 0, 0, 0, 0, 0, 0, 0, 0, 0, 0, 0, 0, 0, 0, 0, 0, 0, 0, 0, 0, 0, 0, 0, 0, 0, 0, 0, 0, 0, 0, 0
83, 0, 283, 383, 0, 583, 683, 0, 883, 983, 0, 1183, 1283, 0, 1483, 1583, 0, 1783, 1883, 0, 2083, 2183, 0, 2383, 2483, 0, 2683, 2783, 0, 2983, 3083, 0, 3283, 3383, 0, 3583, 3683, 0, 3883, 3983, 0, 4183, 4283, 0, 4483, 4583, 0, 4783, 4883, 0, 5083, 5183, 0, 5383, 5483, 0, 5683, 5783, 0, 5983, 6083, 0, 6283, 6383, 0, 6583, 6683, 0, 6883, 6983, 0, 7183, 7283, 0, 7483, 7583, 0, 7783, 7883, 0, 8083, 8183, 0, 8383, 8483, 0, 8683, 8783, 0, 8983, 9083, 0, 9283, 9383, 0, 9583, 9683, 0, 9883, 9983
0, 0, 0, 0, 0, 0, 0, 0, 0, 0, 0, 0, 0, 0, 0, 0, 0, 0, 0, 0, 0, 0, 0, 0, 0, 0, 0, 0, 0, 0, 0, 0, 0, 0, 0, 0, 0, 0, 0, 0, 0, 0, 0, 0, 0, 0, 0, 0, 0, 0, 0, 0, 0, 0, 0, 0, 0, 0, 0, 0, 0, 0, 0, 0, 0, 0, 0, 0, 0, 0, 0, 0, 0, 0, 0, 0, 0, 0, 0, 0, 0, 0, 0, 0, 0, 0, 0, 0, 0, 0, 0, 0, 0, 0, 0, 0, 0, 0, 0, 0
85, 185, 0, 385, 485, 0, 685, 785, 0, 985, 1085, 0, 1285, 1385, 0, 1585, 1685, 0, 1885, 1985, 0, 2185, 2285, 0, 2485, 2585, 0, 2785, 2885, 0, 3085, 3185, 0, 3385, 3485, 0, 3685, 3785, 0, 3985, 4085, 0, 4285, 4385, 0, 4585, 4685, 0, 4885, 4985, 0, 5185, 5285, 0, 5485, 5585, 0, 5785, 5885, 0, 6085, 6185, 0, 6385, 6485, 0, 6685, 6785, 0, 6985, 7085, 0, 7285, 7385, 0, 7585, 7685, 0, 7885, 7985, 0, 8185, 8285, 0, 8485, 8585, 0, 8785, 8885, 0, 9085, 9185, 0, 9385, 9485, 0, 9685, 9785, 0, 9985
0, 0, 0, 0, 0, 0, 0, 0, 0, 0, 0, 0, 0, 0, 0, 0, 0, 0, 0, 0, 0, 0, 0, 0, 0, 0, 0, 0, 0, 0, 0, 0, 0, 0, 0, 0, 0, 0, 0, 0, 0, 0, 0, 0, 0, 0, 0, 0, 0, 0, 0, 0, 0, 0, 0, 0, 0, 0, 0, 0, 0, 0, 0, 0, 0, 0, 0, 0, 0, 0, 0, 0, 0, 0, 0, 0, 0, 0, 0, 0, 0, 0, 0, 0, 0, 0, 0, 0, 0, 0, 0, 0, 0, 0, 0, 0, 0, 0, 0, 0
0, 187, 287, 0, 487, 587, 0, 787, 887, 0, 1087, 1187, 0, 1387, 1487, 0, 1687, 1787, 0, 1987, 2087, 0, 2287, 2387, 0, 2587, 2687, 0, 2887, 2987, 0, 3187, 3287, 0, 3487, 3587, 0, 3787, 3887, 0, 4087, 4187, 0, 4387, 4487, 0, 4687, 4787, 0, 4987, 5087, 0, 5287, 5387, 0, 5587, 5687, 0, 5887, 5987, 0, 6187, 6287, 0, 6487, 6587, 0, 6787, 6887, 0, 7087, 7187, 0, 7387, 7487, 0, 7687, 7787, 0, 7987, 8087, 0, 8287, 8387, 0, 8587, 8687, 0, 8887, 8987, 0, 9187, 9287, 0, 9487, 9587, 0, 9787, 9887, 0
0, 0, 0, 0, 0, 0, 0, 0, 0, 0, 0, 0, 0, 0, 0, 0, 0, 0, 0, 0, 0, 0, 0, 0, 0, 0, 0, 0, 0, 0, 0, 0, 0, 0, 0, 0, 0, 0, 0, 0, 0, 0, 0, 0, 0, 0, 0, 0, 0, 0, 0, 0, 0, 0, 0, 0, 0, 0, 0, 0, 0, 0, 0, 0, 0, 0, 0, 0, 0, 0, 0, 0, 0, 0, 0, 0, 0, 0, 0, 0, 0, 0, 0, 0, 0, 0, 0, 0, 0, 0, 0, 0, 0, 0, 0, 0, 0, 0, 0, 0
89, 0, 289, 389, 0, 589, 689, 0, 889, 989, 0, 1189, 1289, 0, 1489, 1589, 0, 1789, 1889, 0, 2089, 2189, 0, 2389, 2489, 0, 2689, 2789, 0, 2989, 3089, 0, 3289, 3389, 0, 3589, 3689, 0, 3889, 3989, 0, 4189, 4289, 0, 4489, 4589, 0, 4789, 4889, 0, 5089, 5189, 0, 5389, 5489, 0, 5689, 5789, 0, 5989, 6089, 0, 6289, 6389, 0, 6589, 6689, 0, 6889, 6989, 0, 7189, 7289, 0, 7489, 7589, 0, 7789, 7889, 0, 8089, 8189, 0, 8389, 8489, 0, 8689, 8789, 0, 8989, 9089, 0, 9289, 9389, 0, 9589, 9689, 0, 9889, 9989
0, 0, 0, 0, 0, 0, 0, 0, 0, 0, 0, 0, 0, 0, 0, 0, 0, 0, 0, 0, 0, 0, 0, 0, 0, 0, 0, 0, 0, 0, 0, 0, 0, 0, 0, 0, 0, 0, 0, 0, 0, 0, 0, 0, 0, 0, 0, 0, 0, 0, 0, 0, 0, 0, 0, 0, 0, 0, 0, 0, 0, 0, 0, 0, 0, 0, 0, 0, 0, 0, 0, 0, 0, 0, 0, 0, 0, 0, 0, 0, 0, 0, 0, 0, 0, 0, 0, 0, 0, 0, 0, 0, 0, 0, 0, 0, 0, 0, 0, 0
91, 191, 0, 391, 491, 0, 691, 791, 0, 991, 1091, 0, 1291, 1391, 0, 1591, 1691, 0, 1891, 1991, 0, 2191, 2291, 0, 2491, 2591, 0, 2791, 2891, 0, 3091, 3191, 0, 3391, 3491, 0, 3691, 3791, 0, 3991, 4091, 0, 4291, 4391, 0, 4591, 4691, 0, 4891, 4991, 0, 5191, 5291, 0, 5491, 5591, 0, 5791, 5891, 0, 6091, 6191, 0, 6391, 6491, 0, 6691, 6791, 0, 6991, 7091, 0, 7291, 7391, 0, 7591, 7691, 0, 7891, 7991, 0, 8191, 8291, 0, 8491, 8591, 0, 8791, 8891, 0, 9091, 9191, 0, 9391, 9491, 0, 9691, 9791, 0, 9991
0, 0, 0, 0, 0, 0, 0, 0, 0, 0, 0, 0, 0, 0, 0, 0, 0, 0, 0, 0, 0, 0, 0, 0, 0, 0, 0, 0, 0, 0, 0, 0, 0, 0, 0, 0, 0, 0, 0, 0, 0, 0, 0, 0, 0, 0, 0, 0, 0, 0, 0, 0, 0, 0, 0, 0, 0, 0, 0, 0, 0, 0, 0, 0, 0, 0, 0, 0, 0, 0, 0, 0, 0, 0, 0, 0, 0, 0, 0, 0, 0, 0, 0, 0, 0, 0, 0, 0, 0, 0, 0, 0, 0, 0, 0, 0, 0, 0, 0, 0
0, 193, 293, 0, 493, 593, 0, 793, 893, 0, 1093, 1193, 0, 1393, 1493, 0, 1693, 1793, 0, 1993, 2093, 0, 2293, 2393, 0, 2593, 2693, 0, 2893, 2993, 0, 3193, 3293, 0, 3493, 3593, 0, 3793, 3893, 0, 4093, 4193, 0, 4393, 4493, 0, 4693, 4793, 0, 4993, 5093, 0, 5293, 5393, 0, 5593, 5693, 0, 5893, 5993, 0, 6193, 6293, 0, 6493, 6593, 0, 6793, 6893, 0, 7093, 7193, 0, 7393, 7493, 0, 7693, 7793, 0, 7993, 8093, 0, 8293, 8393, 0, 8593, 8693, 0, 8893, 8993, 0, 9193, 9293, 0, 9493, 9593, 0, 9793, 9893, 0
0, 0, 0, 0, 0, 0, 0, 0, 0, 0, 0, 0, 0, 0, 0, 0, 0, 0, 0, 0, 0, 0, 0, 0, 0, 0, 0, 0, 0, 0, 0, 0, 0, 0, 0, 0, 0, 0, 0, 0, 0, 0, 0, 0, 0, 0, 0, 0, 0, 0, 0, 0, 0, 0, 0, 0, 0, 0, 0, 0, 0, 0, 0, 0, 0, 0, 0, 0, 0, 0, 0, 0, 0, 0, 0, 0, 0, 0, 0, 0, 0, 0, 0, 0, 0, 0, 0, 0, 0, 0, 0, 0, 0, 0, 0, 0, 0, 0, 0, 0
95, 0, 295, 395, 0, 595, 695, 0, 895, 995, 0, 1195, 1295, 0, 1495, 1595, 0, 1795, 1895, 0, 2095, 2195, 0, 2395, 2495, 0, 2695, 2795, 0, 2995, 3095, 0, 3295, 3395, 0, 3595, 3695, 0, 3895, 3995, 0, 4195, 4295, 0, 4495, 4595, 0, 4795, 4895, 0, 5095, 5195, 0, 5395, 5495, 0, 5695, 5795, 0, 5995, 6095, 0, 6295, 6395, 0, 6595, 6695, 0, 6895, 6995, 0, 7195, 7295, 0, 7495, 7595, 0, 7795, 7895, 0, 8095, 8195, 0, 8395, 8495, 0, 8695, 8795, 0, 8995, 9095, 0, 9295, 9395, 0, 9595, 9695, 0, 9895, 9995
0, 0, 0, 0, 0, 0, 0, 0, 0, 0, 0, 0, 0, 0, 0, 0, 0, 0, 0, 0, 0, 0, 0, 0, 0, 0, 0, 0, 0, 0, 0, 0, 0, 0, 0, 0, 0, 0, 0, 0, 0, 0, 0, 0, 0, 0, 0, 0, 0, 0, 0, 0, 0, 0, 0, 0, 0, 0, 0, 0, 0, 0, 0, 0, 0, 0, 0, 0, 0, 0, 0, 0, 0, 0, 0, 0, 0, 0, 0, 0, 0, 0, 0, 0, 0, 0, 0, 0, 0, 0, 0, 0, 0, 0, 0, 0, 0, 0, 0, 0
97, 197, 0, 397, 497, 0, 697, 797, 0, 997, 1097, 0, 1297, 1397, 0, 1597, 1697, 0, 1897, 1997, 0, 2197, 2297, 0, 2497, 2597, 0, 2797, 2897, 0, 3097, 3197, 0, 3397, 3497, 0, 3697, 3797, 0, 3997, 4097, 0, 4297, 4397, 0, 4597, 4697, 0, 4897, 4997, 0, 5197, 5297, 0, 5497, 5597, 0, 5797, 5897, 0, 6097, 6197, 0, 6397, 6497, 0, 6697, 6797, 0, 6997, 7097, 0, 7297, 7397, 0, 7597, 7697, 0, 7897, 7997, 0, 8197, 8297, 0, 8497, 8597, 0, 8797, 8897, 0, 9097, 9197, 0, 9397, 9497, 0, 9697, 9797, 0, 9997
0, 0, 0, 0, 0, 0, 0, 0, 0, 0, 0, 0, 0, 0, 0, 0, 0, 0, 0, 0, 0, 0, 0, 0, 0, 0, 0, 0, 0, 0, 0, 0, 0, 0, 0, 0, 0, 0, 0, 0, 0, 0, 0, 0, 0, 0, 0, 0, 0, 0, 0, 0, 0, 0, 0, 0, 0, 0, 0, 0, 0, 0, 0, 0, 0, 0, 0, 0, 0, 0, 0, 0, 0, 0, 0, 0, 0, 0, 0, 0, 0, 0, 0, 0, 0, 0, 0, 0, 0, 0, 0, 0, 0, 0, 0, 0, 0, 0, 0, 0
0, 199, 299, 0, 499, 599, 0, 799, 899, 0, 1099, 1199, 0, 1399, 1499, 0, 1699, 1799, 0, 1999, 2099, 0, 2299, 2399, 0, 2599, 2699, 0, 2899, 2999, 0, 3199, 3299, 0, 3499, 3599, 0, 3799, 3899, 0, 4099, 4199, 0, 4399, 4499, 0, 4699, 4799, 0, 4999, 5099, 0, 5299, 5399, 0, 5599, 5699, 0, 5899, 5999, 0, 6199, 6299, 0, 6499, 6599, 0, 6799, 6899, 0, 7099, 7199, 0, 7399, 7499, 0, 7699, 7799, 0, 7999, 8099, 0, 8299, 8399, 0, 8599, 8699, 0, 8899, 8999, 0, 9199, 9299, 0, 9499, 9599, 0, 9799, 9899, 0
0, 0, 0, 0, 0, 0, 0, 0, 0, 0, 0, 0, 0, 0, 0, 0, 0, 0, 0, 0, 0, 0, 0, 0, 0, 0, 0, 0, 0, 0, 0, 0, 0, 0, 0, 0, 0, 0, 0, 0, 0, 0, 0, 0, 0, 0, 0, 0, 0, 0, 0, 0, 0, 0, 0, 0, 0, 0, 0, 0, 0, 0, 0, 0, 0, 0, 0, 0, 0, 0, 0, 0, 0, 0, 0, 0, 0, 0, 0, 0, 0, 0, 0, 0, 0, 0, 0, 0, 0, 0, 0, 0, 0, 0, 0, 0, 0, 0, 0, 0
