1, 0, 0, 0, 5, 0, 7, 0, 0, 0, 11, 0, 13, 0, 0, 0, 17, 0, 19, 0, 0, 0, 23, 0, 25, 0, 0, 0, 29, 0, 31, 0, 0, 0, 35, 0, 37, 0, 0, 0, 41, 0, 43, 0, 0, 0, 47, 0, 49, 0, 0, 0, 53, 0, 55, 0, 0, 0, 59, 0, 61, 0, 0, 0, 65, 0, 67, 0, 0, 0
71, 0, 73, 0, 0, 0, 77, 0, 79, 0, 0, 0, 83, 0, 85, 0, 0, 0, 89, 0, 91, 0, 0, 0, 95, 0, 97, 0, 0, 0, 101, 0, 103, 0, 0, 0, 107, 0, 109, 0, 0, 0, 113, 0, 115, 0, 0, 0, 119, 0, 121, 0, 0, 0, 125, 0, 127, 0, 0, 0, 131, 0, 133, 0, 0, 0, 137, 0, 139, 0
0, 0, 143, 0, 145, 0, 0, 0, 149, 0, 151, 0, 0, 0, 155, 0, 157, 0, 0, 0, 161, 0, 163, 0, 0, 0, 167, 0, 169, 0, 0, 0, 173, 0, 175, 0, 0, 0, 179, 0, 181, 0, 0, 0, 185, 0, 187, 0, 0, 0, 191, 0, 193, 0, 0, 0, 197, 0, 199, 0, 0, 0, 203, 0, 205, 0, 0, 0, 209, 0
211, 0, 0, 0, 215, 0, 217, 0, 0, 0, 221, 0, 223, 0, 0, 0, 227, 0, 229, 0, 0, 0, 233, 0, 235, 0, 0, 0, 239, 0, 241, 0, 0, 0, 245, 0, 247, 0, 0, 0, 251, 0, 253, 0, 0, 0, 257, 0, 259, 0, 0, 0, 263, 0, 265, 0, 0, 0, 269, 0, 271, 0, 0, 0, 275, 0, 277, 0, 0, 0
281, 0, 283, 0, 0, 0, 287, 0, 289, 0, 0, 0, 293, 0, 295, 0, 0, 0, 299, 0, 301, 0, 0, 0, 305, 0, 307, 0, 0, 0, 311, 0, 313, 0, 0, 0, 317, 0, 319, 0, 0, 0, 323, 0, 325, 0, 0, 0, 329, 0, 331, 0, 0, 0, 335, 0, 337, 0, 0, 0, 341, 0, 343, 0, 0, 0, 347, 0, 349, 0
0, 0, 353, 0, 355, 0, 0, 0, 359, 0, 361, 0, 0, 0, 365, 0, 367, 0, 0, 0, 371, 0, 373, 0, 0, 0, 377, 0, 379, 0, 0, 0, 383, 0, 385, 0, 0, 0, 389, 0, 391, 0, 0, 0, 395, 0, 397, 0, 0, 0, 401, 0, 403, 0, 0, 0, 407, 0, 409, 0, 0, 0, 413, 0, 415, 0, 0, 0, 419, 0
421, 0, 0, 0, 425, 0, 427, 0, 0, 0, 431, 0, 433, 0, 0, 0, 437, 0, 439, 0, 0, 0, 443, 0, 445, 0, 0, 0, 449, 0, 451, 0, 0, 0, 455, 0, 457, 0, 0, 0, 461, 0, 463, 0, 0, 0, 467, 0, 469, 0, 0, 0, 473, 0, 475, 0, 0, 0, 479, 0, 481, 0, 0, 0, 485, 0, 487, 0, 0, 0
491, 0, 493, 0, 0, 0, 497, 0, 499, 0, 0, 0, 503, 0, 505, 0, 0, 0, 509, 0, 511, 0, 0, 0, 515, 0, 517, 0, 0, 0, 521, 0, 523, 0, 0, 0, 527, 0, 529, 0, 0, 0, 533, 0, 535, 0, 0, 0, 539, 0, 541, 0, 0, 0, 545, 0, 547, 0, 0, 0, 551, 0, 553, 0, 0, 0, 557, 0, 559, 0
0, 0, 563, 0, 565, 0, 0, 0, 569, 0, 571, 0, 0, 0, 575, 0, 577, 0, 0, 0, 581, 0, 583, 0, 0, 0, 587, 0, 589, 0, 0, 0, 593, 0, 595, 0, 0, 0, 599, 0, 601, 0, 0, 0, 605, 0, 607, 0, 0, 0, 611, 0, 613, 0, 0, 0, 617, 0, 619, 0, 0, 0, 623, 0, 625, 0, 0, 0, 629, 0
631, 0, 0, 0, 635, 0, 637, 0, 0, 0, 641, 0, 643, 0, 0, 0, 647, 0, 649, 0, 0, 0, 653, 0, 655, 0, 0, 0, 659, 0, 661, 0, 0, 0, 665, 0, 667, 0, 0, 0, 671, 0, 673, 0, 0, 0, 677, 0, 679, 0, 0, 0, 683, 0, 685, 0, 0, 0, 689, 0, 691, 0, 0, 0, 695, 0, 697, 0, 0, 0
701, 0, 703, 0, 0, 0, 707, 0, 709, 0, 0, 0, 713, 0, 715, 0, 0, 0, 719, 0, 721, 0, 0, 0, 725, 0, 727, 0, 0, 0, 731, 0, 733, 0, 0, 0, 737, 0, 739, 0, 0, 0, 743, 0, 745, 0, 0, 0, 749, 0, 751, 0, 0, 0, 755, 0, 757, 0, 0, 0, 761, 0, 763, 0, 0, 0, 767, 0, 769, 0
0, 0, 773, 0, 775, 0, 0, 0, 779, 0, 781, 0, 0, 0, 785, 0, 787, 0, 0, 0, 791, 0, 793, 0, 0, 0, 797, 0, 799, 0, 0, 0, 803, 0, 805, 0, 0, 0, 809, 0, 811, 0, 0, 0, 815, 0, 817, 0, 0, 0, 821, 0, 823, 0, 0, 0, 827, 0, 829, 0, 0, 0, 833, 0, 835, 0, 0, 0, 839, 0
841, 0, 0, 0, 845, 0, 847, 0, 0, 0, 851, 0, 853, 0, 0, 0, 857, 0, 859, 0, 0, 0, 863, 0, 865, 0, 0, 0, 869, 0, 871, 0, 0, 0, 875, 0, 877, 0, 0, 0, 881, 0, 883, 0, 0, 0, 887, 0, 889, 0, 0, 0, 893, 0, 895, 0, 0, 0, 899, 0, 901, 0, 0, 0, 905, 0, 907, 0, 0, 0
911, 0, 913, 0, 0, 0, 917, 0, 919, 0, 0, 0, 923, 0, 925, 0, 0, 0, 929, 0, 931, 0, 0, 0, 935, 0, 937, 0, 0, 0, 941, 0, 943, 0, 0, 0, 947, 0, 949, 0, 0, 0, 953, 0, 955, 0, 0, 0, 959, 0, 961, 0, 0, 0, 965, 0, 967, 0, 0, 0, 971, 0, 973, 0, 0, 0, 977, 0, 979, 0
0, 0, 983, 0, 985, 0, 0, 0, 989, 0, 991, 0, 0, 0, 995, 0, 997, 0, 0, 0, 1001, 0, 1003, 0, 0, 0, 1007, 0, 1009, 0, 0, 0, 1013, 0, 1015, 0, 0, 0, 1019, 0, 1021, 0, 0, 0, 1025, 0, 1027, 0, 0, 0, 1031, 0, 1033, 0, 0, 0, 1037, 0, 1039, 0, 0, 0, 1043, 0, 1045, 0, 0, 0, 1049, 0
1051, 0, 0, 0, 1055, 0, 1057, 0, 0, 0, 1061, 0, 1063, 0, 0, 0, 1067, 0, 1069, 0, 0, 0, 1073, 0, 1075, 0, 0, 0, 1079, 0, 1081, 0, 0, 0, 1085, 0, 1087, 0, 0, 0, 1091, 0, 1093, 0, 0, 0, 1097, 0, 1099, 0, 0, 0, 1103, 0, 1105, 0, 0, 0, 1109, 0, 1111, 0, 0, 0, 1115, 0, 1117, 0, 0, 0
1121, 0, 1123, 0, 0, 0, 1127, 0, 1129, 0, 0, 0, 1133, 0, 1135, 0, 0, 0, 1139, 0, 1141, 0, 0, 0, 1145, 0, 1147, 0, 0, 0, 1151, 0, 1153, 0, 0, 0, 1157, 0, 1159, 0, 0, 0, 1163, 0, 1165, 0, 0, 0, 1169, 0, 1171, 0, 0, 0, 1175, 0, 1177, 0, 0, 0, 1181, 0, 1183, 0, 0, 0, 1187, 0, 1189, 0
0, 0, 1193, 0, 1195, 0, 0, 0, 1199, 0, 1201, 0, 0, 0, 1205, 0, 1207, 0, 0, 0, 1211, 0, 1213, 0, 0, 0, 1217, 0, 1219, 0, 0, 0, 1223, 0, 1225, 0, 0, 0, 1229, 0, 1231, 0, 0, 0, 1235, 0, 1237, 0, 0, 0, 1241, 0, 1243, 0, 0, 0, 1247, 0, 1249, 0, 0, 0, 1253, 0, 1255, 0, 0, 0, 1259, 0
1261, 0, 0, 0, 1265, 0, 1267, 0, 0, 0, 1271, 0, 1273, 0, 0, 0, 1277, 0, 1279, 0, 0, 0, 1283, 0, 1285, 0, 0, 0, 1289, 0, 1291, 0, 0, 0, 1295, 0, 1297, 0, 0, 0, 1301, 0, 1303, 0, 0, 0, 1307, 0, 1309, 0, 0, 0, 1313, 0, 1315, 0, 0, 0, 1319, 0, 1321, 0, 0, 0, 1325, 0, 1327, 0, 0, 0
1331, 0, 1333, 0, 0, 0, 1337, 0, 1339, 0, 0, 0, 1343, 0, 1345, 0, 0, 0, 1349, 0, 1351, 0, 0, 0, 1355, 0, 1357, 0, 0, 0, 1361, 0, 1363, 0, 0, 0, 1367, 0, 1369, 0, 0, 0, 1373, 0, 1375, 0, 0, 0, 1379, 0, 1381, 0, 0, 0, 1385, 0, 1387, 0, 0, 0, 1391, 0, 1393, 0, 0, 0, 1397, 0, 1399, 0
0, 0, 1403, 0, 1405, 0, 0, 0, 1409, 0, 1411, 0, 0, 0, 1415, 0, 1417, 0, 0, 0, 1421, 0, 1423, 0, 0, 0, 1427, 0, 1429, 0, 0, 0, 1433, 0, 1435, 0, 0, 0, 1439, 0, 1441, 0, 0, 0, 1445, 0, 1447, 0, 0, 0, 1451, 0, 1453, 0, 0, 0, 1457, 0, 1459, 0, 0, 0, 1463, 0, 1465, 0, 0, 0, 1469, 0
1471, 0, 0, 0, 1475, 0, 1477, 0, 0, 0, 1481, 0, 1483, 0, 0, 0, 1487, 0, 1489, 0, 0, 0, 1493, 0, 1495, 0, 0, 0, 1499, 0, 1501, 0, 0, 0, 1505, 0, 1507, 0, 0, 0, 1511, 0, 1513, 0, 0, 0, 1517, 0, 1519, 0, 0, 0, 1523, 0, 1525, 0, 0, 0, 1529, 0, 1531, 0, 0, 0, 1535, 0, 1537, 0, 0, 0
1541, 0, 1543, 0, 0, 0, 1547, 0, 1549, 0, 0, 0, 1553, 0, 1555, 0, 0, 0, 1559, 0, 1561, 0, 0, 0, 1565, 0, 1567, 0, 0, 0, 1571, 0, 1573, 0, 0, 0, 1577, 0, 1579, 0, 0, 0, 1583, 0, 1585, 0, 0, 0, 1589, 0, 1591, 0, 0, 0, 1595, 0, 1597, 0, 0, 0, 1601, 0, 1603, 0, 0, 0, 1607, 0, 1609, 0
0, 0, 1613, 0, 1615, 0, 0, 0, 1619, 0, 1621, 0, 0, 0, 1625, 0, 1627, 0, 0, 0, 1631, 0, 1633, 0, 0, 0, 1637, 0, 1639, 0, 0, 0, 1643, 0, 1645, 0, 0, 0, 1649, 0, 1651, 0, 0, 0, 1655, 0, 1657, 0, 0, 0, 1661, 0, 1663, 0, 0, 0, 1667, 0, 1669, 0, 0, 0, 1673, 0, 1675, 0, 0, 0, 1679, 0
1681, 0, 0, 0, 1685, 0, 1687, 0, 0, 0, 1691, 0, 1693, 0, 0, 0, 1697, 0, 1699, 0, 0, 0, 1703, 0, 1705, 0, 0, 0, 1709, 0, 1711, 0, 0, 0, 1715, 0, 1717, 0, 0, 0, 1721, 0, 1723, 0, 0, 0, 1727, 0, 1729, 0, 0, 0, 1733, 0, 1735, 0, 0, 0, 1739, 0, 1741, 0, 0, 0, 1745, 0, 1747, 0, 0, 0
1751, 0, 1753, 0, 0, 0, 1757, 0, 1759, 0, 0, 0, 1763, 0, 1765, 0, 0, 0, 1769, 0, 1771, 0, 0, 0, 1775, 0, 1777, 0, 0, 0, 1781, 0, 1783, 0, 0, 0, 1787, 0, 1789, 0, 0, 0, 1793, 0, 1795, 0, 0, 0, 1799, 0, 1801, 0, 0, 0, 1805, 0, 1807, 0, 0, 0, 1811, 0, 1813, 0, 0, 0, 1817, 0, 1819, 0
0, 0, 1823, 0, 1825, 0, 0, 0, 1829, 0, 1831, 0, 0, 0, 1835, 0, 1837, 0, 0, 0, 1841, 0, 1843, 0, 0, 0, 1847, 0, 1849, 0, 0, 0, 1853, 0, 1855, 0, 0, 0, 1859, 0, 1861, 0, 0, 0, 1865, 0, 1867, 0, 0, 0, 1871, 0, 1873, 0, 0, 0, 1877, 0, 1879, 0, 0, 0, 1883, 0, 1885, 0, 0, 0, 1889, 0
1891, 0, 0, 0, 1895, 0, 1897, 0, 0, 0, 1901, 0, 1903, 0, 0, 0, 1907, 0, 1909, 0, 0, 0, 1913, 0, 1915, 0, 0, 0, 1919, 0, 1921, 0, 0, 0, 1925, 0, 1927, 0, 0, 0, 1931, 0, 1933, 0, 0, 0, 1937, 0, 1939, 0, 0, 0, 1943, 0, 1945, 0, 0, 0, 1949, 0, 1951, 0, 0, 0, 1955, 0, 1957, 0, 0, 0
1961, 0, 1963, 0, 0, 0, 1967, 0, 1969, 0, 0, 0, 1973, 0, 1975, 0, 0, 0, 1979, 0, 1981, 0, 0, 0, 1985, 0, 1987, 0, 0, 0, 1991, 0, 1993, 0, 0, 0, 1997, 0, 1999, 0, 0, 0, 2003, 0, 2005, 0, 0, 0, 2009, 0, 2011, 0, 0, 0, 2015, 0, 2017, 0, 0, 0, 2021, 0, 2023, 0, 0, 0, 2027, 0, 2029, 0
0, 0, 2033, 0, 2035, 0, 0, 0, 2039, 0, 2041, 0, 0, 0, 2045, 0, 2047, 0, 0, 0, 2051, 0, 2053, 0, 0, 0, 2057, 0, 2059, 0, 0, 0, 2063, 0, 2065, 0, 0, 0, 2069, 0, 2071, 0, 0, 0, 2075, 0, 2077, 0, 0, 0, 2081, 0, 2083, 0, 0, 0, 2087, 0, 2089, 0, 0, 0, 2093, 0, 2095, 0, 0, 0, 2099, 0
2101, 0, 0, 0, 2105, 0, 2107, 0, 0, 0, 2111, 0, 2113, 0, 0, 0, 2117, 0, 2119, 0, 0, 0, 2123, 0, 2125, 0, 0, 0, 2129, 0, 2131, 0, 0, 0, 2135, 0, 2137, 0, 0, 0, 2141, 0, 2143, 0, 0, 0, 2147, 0, 2149, 0, 0, 0, 2153, 0, 2155, 0, 0, 0, 2159, 0, 2161, 0, 0, 0, 2165, 0, 2167, 0, 0, 0
2171, 0, 2173, 0, 0, 0, 2177, 0, 2179, 0, 0, 0, 2183, 0, 2185, 0, 0, 0, 2189, 0, 2191, 0, 0, 0, 2195, 0, 2197, 0, 0, 0, 2201, 0, 2203, 0, 0, 0, 2207, 0, 2209, 0, 0, 0, 2213, 0, 2215, 0, 0, 0, 2219, 0, 2221, 0, 0, 0, 2225, 0, 2227, 0, 0, 0, 2231, 0, 2233, 0, 0, 0, 2237, 0, 2239, 0
0, 0, 2243, 0, 2245, 0, 0, 0, 2249, 0, 2251, 0, 0, 0, 2255, 0, 2257, 0, 0, 0, 2261, 0, 2263, 0, 0, 0, 2267, 0, 2269, 0, 0, 0, 2273, 0, 2275, 0, 0, 0, 2279, 0, 2281, 0, 0, 0, 2285, 0, 2287, 0, 0, 0, 2291, 0, 2293, 0, 0, 0, 2297, 0, 2299, 0, 0, 0, 2303, 0, 2305, 0, 0, 0, 2309, 0
2311, 0, 0, 0, 2315, 0, 2317, 0, 0, 0, 2321, 0, 2323, 0, 0, 0, 2327, 0, 2329, 0, 0, 0, 2333, 0, 2335, 0, 0, 0, 2339, 0, 2341, 0, 0, 0, 2345, 0, 2347, 0, 0, 0, 2351, 0, 2353, 0, 0, 0, 2357, 0, 2359, 0, 0, 0, 2363, 0, 2365, 0, 0, 0, 2369, 0, 2371, 0, 0, 0, 2375, 0, 2377, 0, 0, 0
2381, 0, 2383, 0, 0, 0, 2387, 0, 2389, 0, 0, 0, 2393, 0, 2395, 0, 0, 0, 2399, 0, 2401, 0, 0, 0, 2405, 0, 2407, 0, 0, 0, 2411, 0, 2413, 0, 0, 0, 2417, 0, 2419, 0, 0, 0, 2423, 0, 2425, 0, 0, 0, 2429, 0, 2431, 0, 0, 0, 2435, 0, 2437, 0, 0, 0, 2441, 0, 2443, 0, 0, 0, 2447, 0, 2449, 0
0, 0, 2453, 0, 2455, 0, 0, 0, 2459, 0, 2461, 0, 0, 0, 2465, 0, 2467, 0, 0, 0, 2471, 0, 2473, 0, 0, 0, 2477, 0, 2479, 0, 0, 0, 2483, 0, 2485, 0, 0, 0, 2489, 0, 2491, 0, 0, 0, 2495, 0, 2497, 0, 0, 0, 2501, 0, 2503, 0, 0, 0, 2507, 0, 2509, 0, 0, 0, 2513, 0, 2515, 0, 0, 0, 2519, 0
2521, 0, 0, 0, 2525, 0, 2527, 0, 0, 0, 2531, 0, 2533, 0, 0, 0, 2537, 0, 2539, 0, 0, 0, 2543, 0, 2545, 0, 0, 0, 2549, 0, 2551, 0, 0, 0, 2555, 0, 2557, 0, 0, 0, 2561, 0, 2563, 0, 0, 0, 2567, 0, 2569, 0, 0, 0, 2573, 0, 2575, 0, 0, 0, 2579, 0, 2581, 0, 0, 0, 2585, 0, 2587, 0, 0, 0
2591, 0, 2593, 0, 0, 0, 2597, 0, 2599, 0, 0, 0, 2603, 0, 2605, 0, 0, 0, 2609, 0, 2611, 0, 0, 0, 2615, 0, 2617, 0, 0, 0, 2621, 0, 2623, 0, 0, 0, 2627, 0, 2629, 0, 0, 0, 2633, 0, 2635, 0, 0, 0, 2639, 0, 2641, 0, 0, 0, 2645, 0, 2647, 0, 0, 0, 2651, 0, 2653, 0, 0, 0, 2657, 0, 2659, 0
0, 0, 2663, 0, 2665, 0, 0, 0, 2669, 0, 2671, 0, 0, 0, 2675, 0, 2677, 0, 0, 0, 2681, 0, 2683, 0, 0, 0, 2687, 0, 2689, 0, 0, 0, 2693, 0, 2695, 0, 0, 0, 2699, 0, 2701, 0, 0, 0, 2705, 0, 2707, 0, 0, 0, 2711, 0, 2713, 0, 0, 0, 2717, 0, 2719, 0, 0, 0, 2723, 0, 2725, 0, 0, 0, 2729, 0
2731, 0, 0, 0, 2735, 0, 2737, 0, 0, 0, 2741, 0, 2743, 0, 0, 0, 2747, 0, 2749, 0, 0, 0, 2753, 0, 2755, 0, 0, 0, 2759, 0, 2761, 0, 0, 0, 2765, 0, 2767, 0, 0, 0, 2771, 0, 2773, 0, 0, 0, 2777, 0, 2779, 0, 0, 0, 2783, 0, 2785, 0, 0, 0, 2789, 0, 2791, 0, 0, 0, 2795, 0, 2797, 0, 0, 0
2801, 0, 2803, 0, 0, 0, 2807, 0, 2809, 0, 0, 0, 2813, 0, 2815, 0, 0, 0, 2819, 0, 2821, 0, 0, 0, 2825, 0, 2827, 0, 0, 0, 2831, 0, 2833, 0, 0, 0, 2837, 0, 2839, 0, 0, 0, 2843, 0, 2845, 0, 0, 0, 2849, 0, 2851, 0, 0, 0, 2855, 0, 2857, 0, 0, 0, 2861, 0, 2863, 0, 0, 0, 2867, 0, 2869, 0
0, 0, 2873, 0, 2875, 0, 0, 0, 2879, 0, 2881, 0, 0, 0, 2885, 0, 2887, 0, 0, 0, 2891, 0, 2893, 0, 0, 0, 2897, 0, 2899, 0, 0, 0, 2903, 0, 2905, 0, 0, 0, 2909, 0, 2911, 0, 0, 0, 2915, 0, 2917, 0, 0, 0, 2921, 0, 2923, 0, 0, 0, 2927, 0, 2929, 0, 0, 0, 2933, 0, 2935, 0, 0, 0, 2939, 0
2941, 0, 0, 0, 2945, 0, 2947, 0, 0, 0, 2951, 0, 2953, 0, 0, 0, 2957, 0, 2959, 0, 0, 0, 2963, 0, 2965, 0, 0, 0, 2969, 0, 2971, 0, 0, 0, 2975, 0, 2977, 0, 0, 0, 2981, 0, 2983, 0, 0, 0, 2987, 0, 2989, 0, 0, 0, 2993, 0, 2995, 0, 0, 0, 2999, 0, 3001, 0, 0, 0, 3005, 0, 3007, 0, 0, 0
3011, 0, 3013, 0, 0, 0, 3017, 0, 3019, 0, 0, 0, 3023, 0, 3025, 0, 0, 0, 3029, 0, 3031, 0, 0, 0, 3035, 0, 3037, 0, 0, 0, 3041, 0, 3043, 0, 0, 0, 3047, 0, 3049, 0, 0, 0, 3053, 0, 3055, 0, 0, 0, 3059, 0, 3061, 0, 0, 0, 3065, 0, 3067, 0, 0, 0, 3071, 0, 3073, 0, 0, 0, 3077, 0, 3079, 0
0, 0, 3083, 0, 3085, 0, 0, 0, 3089, 0, 3091, 0, 0, 0, 3095, 0, 3097, 0, 0, 0, 3101, 0, 3103, 0, 0, 0, 3107, 0, 3109, 0, 0, 0, 3113, 0, 3115, 0, 0, 0, 3119, 0, 3121, 0, 0, 0, 3125, 0, 3127, 0, 0, 0, 3131, 0, 3133, 0, 0, 0, 3137, 0, 3139, 0, 0, 0, 3143, 0, 3145, 0, 0, 0, 3149, 0
3151, 0, 0, 0, 3155, 0, 3157, 0, 0, 0, 3161, 0, 3163, 0, 0, 0, 3167, 0, 3169, 0, 0, 0, 3173, 0, 3175, 0, 0, 0, 3179, 0, 3181, 0, 0, 0, 3185, 0, 3187, 0, 0, 0, 3191, 0, 3193, 0, 0, 0, 3197, 0, 3199, 0, 0, 0, 3203, 0, 3205, 0, 0, 0, 3209, 0, 3211, 0, 0, 0, 3215, 0, 3217, 0, 0, 0
3221, 0, 3223, 0, 0, 0, 3227, 0, 3229, 0, 0, 0, 3233, 0, 3235, 0, 0, 0, 3239, 0, 3241, 0, 0, 0, 3245, 0, 3247, 0, 0, 0, 3251, 0, 3253, 0, 0, 0, 3257, 0, 3259, 0, 0, 0, 3263, 0, 3265, 0, 0, 0, 3269, 0, 3271, 0, 0, 0, 3275, 0, 3277, 0, 0, 0, 3281, 0, 3283, 0, 0, 0, 3287, 0, 3289, 0
0, 0, 3293, 0, 3295, 0, 0, 0, 3299, 0, 3301, 0, 0, 0, 3305, 0, 3307, 0, 0, 0, 3311, 0, 3313, 0, 0, 0, 3317, 0, 3319, 0, 0, 0, 3323, 0, 3325, 0, 0, 0, 3329, 0, 3331, 0, 0, 0, 3335, 0, 3337, 0, 0, 0, 3341, 0, 3343, 0, 0, 0, 3347, 0, 3349, 0, 0, 0, 3353, 0, 3355, 0, 0, 0, 3359, 0
3361, 0, 0, 0, 3365, 0, 3367, 0, 0, 0, 3371, 0, 3373, 0, 0, 0, 3377, 0, 3379, 0, 0, 0, 3383, 0, 3385, 0, 0, 0, 3389, 0, 3391, 0, 0, 0, 3395, 0, 3397, 0, 0, 0, 3401, 0, 3403, 0, 0, 0, 3407, 0, 3409, 0, 0, 0, 3413, 0, 3415, 0, 0, 0, 3419, 0, 3421, 0, 0, 0, 3425, 0, 3427, 0, 0, 0
3431, 0, 3433, 0, 0, 0, 3437, 0, 3439, 0, 0, 0, 3443, 0, 3445, 0, 0, 0, 3449, 0, 3451, 0, 0, 0, 3455, 0, 3457, 0, 0, 0, 3461, 0, 3463, 0, 0, 0, 3467, 0, 3469, 0, 0, 0, 3473, 0, 3475, 0, 0, 0, 3479, 0, 3481, 0, 0, 0, 3485, 0, 3487, 0, 0, 0, 3491, 0, 3493, 0, 0, 0, 3497, 0, 3499, 0
0, 0, 3503, 0, 3505, 0, 0, 0, 3509, 0, 3511, 0, 0, 0, 3515, 0, 3517, 0, 0, 0, 3521, 0, 3523, 0, 0, 0, 3527, 0, 3529, 0, 0, 0, 3533, 0, 3535, 0, 0, 0, 3539, 0, 3541, 0, 0, 0, 3545, 0, 3547, 0, 0, 0, 3551, 0, 3553, 0, 0, 0, 3557, 0, 3559, 0, 0, 0, 3563, 0, 3565, 0, 0, 0, 3569, 0
3571, 0, 0, 0, 3575, 0, 3577, 0, 0, 0, 3581, 0, 3583, 0, 0, 0, 3587, 0, 3589, 0, 0, 0, 3593, 0, 3595, 0, 0, 0, 3599, 0, 3601, 0, 0, 0, 3605, 0, 3607, 0, 0, 0, 3611, 0, 3613, 0, 0, 0, 3617, 0, 3619, 0, 0, 0, 3623, 0, 3625, 0, 0, 0, 3629, 0, 3631, 0, 0, 0, 3635, 0, 3637, 0, 0, 0
3641, 0, 3643, 0, 0, 0, 3647, 0, 3649, 0, 0, 0, 3653, 0, 3655, 0, 0, 0, 3659, 0, 3661, 0, 0, 0, 3665, 0, 3667, 0, 0, 0, 3671, 0, 3673, 0, 0, 0, 3677, 0, 3679, 0, 0, 0, 3683, 0, 3685, 0, 0, 0, 3689, 0, 3691, 0, 0, 0, 3695, 0, 3697, 0, 0, 0, 3701, 0, 3703, 0, 0, 0, 3707, 0, 3709, 0
0, 0, 3713, 0, 3715, 0, 0, 0, 3719, 0, 3721, 0, 0, 0, 3725, 0, 3727, 0, 0, 0, 3731, 0, 3733, 0, 0, 0, 3737, 0, 3739, 0, 0, 0, 3743, 0, 3745, 0, 0, 0, 3749, 0, 3751, 0, 0, 0, 3755, 0, 3757, 0, 0, 0, 3761, 0, 3763, 0, 0, 0, 3767, 0, 3769, 0, 0, 0, 3773, 0, 3775, 0, 0, 0, 3779, 0
3781, 0, 0, 0, 3785, 0, 3787, 0, 0, 0, 3791, 0, 3793, 0, 0, 0, 3797, 0, 3799, 0, 0, 0, 3803, 0, 3805, 0, 0, 0, 3809, 0, 3811, 0, 0, 0, 3815, 0, 3817, 0, 0, 0, 3821, 0, 3823, 0, 0, 0, 3827, 0, 3829, 0, 0, 0, 3833, 0, 3835, 0, 0, 0, 3839, 0, 3841, 0, 0, 0, 3845, 0, 3847, 0, 0, 0
3851, 0, 3853, 0, 0, 0, 3857, 0, 3859, 0, 0, 0, 3863, 0, 3865, 0, 0, 0, 3869, 0, 3871, 0, 0, 0, 3875, 0, 3877, 0, 0, 0, 3881, 0, 3883, 0, 0, 0, 3887, 0, 3889, 0, 0, 0, 3893, 0, 3895, 0, 0, 0, 3899, 0, 3901, 0, 0, 0, 3905, 0, 3907, 0, 0, 0, 3911, 0, 3913, 0, 0, 0, 3917, 0, 3919, 0
0, 0, 3923, 0, 3925, 0, 0, 0, 3929, 0, 3931, 0, 0, 0, 3935, 0, 3937, 0, 0, 0, 3941, 0, 3943, 0, 0, 0, 3947, 0, 3949, 0, 0, 0, 3953, 0, 3955, 0, 0, 0, 3959, 0, 3961, 0, 0, 0, 3965, 0, 3967, 0, 0, 0, 3971, 0, 3973, 0, 0, 0, 3977, 0, 3979, 0, 0, 0, 3983, 0, 3985, 0, 0, 0, 3989, 0
3991, 0, 0, 0, 3995, 0, 3997, 0, 0, 0, 4001, 0, 4003, 0, 0, 0, 4007, 0, 4009, 0, 0, 0, 4013, 0, 4015, 0, 0, 0, 4019, 0, 4021, 0, 0, 0, 4025, 0, 4027, 0, 0, 0, 4031, 0, 4033, 0, 0, 0, 4037, 0, 4039, 0, 0, 0, 4043, 0, 4045, 0, 0, 0, 4049, 0, 4051, 0, 0, 0, 4055, 0, 4057, 0, 0, 0
4061, 0, 4063, 0, 0, 0, 4067, 0, 4069, 0, 0, 0, 4073, 0, 4075, 0, 0, 0, 4079, 0, 4081, 0, 0, 0, 4085, 0, 4087, 0, 0, 0, 4091, 0, 4093, 0, 0, 0, 4097, 0, 4099, 0, 0, 0, 4103, 0, 4105, 0, 0, 0, 4109, 0, 4111, 0, 0, 0, 4115, 0, 4117, 0, 0, 0, 4121, 0, 4123, 0, 0, 0, 4127, 0, 4129, 0
0, 0, 4133, 0, 4135, 0, 0, 0, 4139, 0, 4141, 0, 0, 0, 4145, 0, 4147, 0, 0, 0, 4151, 0, 4153, 0, 0, 0, 4157, 0, 4159, 0, 0, 0, 4163, 0, 4165, 0, 0, 0, 4169, 0, 4171, 0, 0, 0, 4175, 0, 4177, 0, 0, 0, 4181, 0, 4183, 0, 0, 0, 4187, 0, 4189, 0, 0, 0, 4193, 0, 4195, 0, 0, 0, 4199, 0
4201, 0, 0, 0, 4205, 0, 4207, 0, 0, 0, 4211, 0, 4213, 0, 0, 0, 4217, 0, 4219, 0, 0, 0, 4223, 0, 4225, 0, 0, 0, 4229, 0, 4231, 0, 0, 0, 4235, 0, 4237, 0, 0, 0, 4241, 0, 4243, 0, 0, 0, 4247, 0, 4249, 0, 0, 0, 4253, 0, 4255, 0, 0, 0, 4259, 0, 4261, 0, 0, 0, 4265, 0, 4267, 0, 0, 0
4271, 0, 4273, 0, 0, 0, 4277, 0, 4279, 0, 0, 0, 4283, 0, 4285, 0, 0, 0, 4289, 0, 4291, 0, 0, 0, 4295, 0, 4297, 0, 0, 0, 4301, 0, 4303, 0, 0, 0, 4307, 0, 4309, 0, 0, 0, 4313, 0, 4315, 0, 0, 0, 4319, 0, 4321, 0, 0, 0, 4325, 0, 4327, 0, 0, 0, 4331, 0, 4333, 0, 0, 0, 4337, 0, 4339, 0
0, 0, 4343, 0, 4345, 0, 0, 0, 4349, 0, 4351, 0, 0, 0, 4355, 0, 4357, 0, 0, 0, 4361, 0, 4363, 0, 0, 0, 4367, 0, 4369, 0, 0, 0, 4373, 0, 4375, 0, 0, 0, 4379, 0, 4381, 0, 0, 0, 4385, 0, 4387, 0, 0, 0, 4391, 0, 4393, 0, 0, 0, 4397, 0, 4399, 0, 0, 0, 4403, 0, 4405, 0, 0, 0, 4409, 0
4411, 0, 0, 0, 4415, 0, 4417, 0, 0, 0, 4421, 0, 4423, 0, 0, 0, 4427, 0, 4429, 0, 0, 0, 4433, 0, 4435, 0, 0, 0, 4439, 0, 4441, 0, 0, 0, 4445, 0, 4447, 0, 0, 0, 4451, 0, 4453, 0, 0, 0, 4457, 0, 4459, 0, 0, 0, 4463, 0, 4465, 0, 0, 0, 4469, 0, 4471, 0, 0, 0, 4475, 0, 4477, 0, 0, 0
4481, 0, 4483, 0, 0, 0, 4487, 0, 4489, 0, 0, 0, 4493, 0, 4495, 0, 0, 0, 4499, 0, 4501, 0, 0, 0, 4505, 0, 4507, 0, 0, 0, 4511, 0, 4513, 0, 0, 0, 4517, 0, 4519, 0, 0, 0, 4523, 0, 4525, 0, 0, 0, 4529, 0, 4531, 0, 0, 0, 4535, 0, 4537, 0, 0, 0, 4541, 0, 4543, 0, 0, 0, 4547, 0, 4549, 0
0, 0, 4553, 0, 4555, 0, 0, 0, 4559, 0, 4561, 0, 0, 0, 4565, 0, 4567, 0, 0, 0, 4571, 0, 4573, 0, 0, 0, 4577, 0, 4579, 0, 0, 0, 4583, 0, 4585, 0, 0, 0, 4589, 0, 4591, 0, 0, 0, 4595, 0, 4597, 0, 0, 0, 4601, 0, 4603, 0, 0, 0, 4607, 0, 4609, 0, 0, 0, 4613, 0, 4615, 0, 0, 0, 4619, 0
4621, 0, 0, 0, 4625, 0, 4627, 0, 0, 0, 4631, 0, 4633, 0, 0, 0, 4637, 0, 4639, 0, 0, 0, 4643, 0, 4645, 0, 0, 0, 4649, 0, 4651, 0, 0, 0, 4655, 0, 4657, 0, 0, 0, 4661, 0, 4663, 0, 0, 0, 4667, 0, 4669, 0, 0, 0, 4673, 0, 4675, 0, 0, 0, 4679, 0, 4681, 0, 0, 0, 4685, 0, 4687, 0, 0, 0
4691, 0, 4693, 0, 0, 0, 4697, 0, 4699, 0, 0, 0, 4703, 0, 4705, 0, 0, 0, 4709, 0, 4711, 0, 0, 0, 4715, 0, 4717, 0, 0, 0, 4721, 0, 4723, 0, 0, 0, 4727, 0, 4729, 0, 0, 0, 4733, 0, 4735, 0, 0, 0, 4739, 0, 4741, 0, 0, 0, 4745, 0, 4747, 0, 0, 0, 4751, 0, 4753, 0, 0, 0, 4757, 0, 4759, 0
0, 0, 4763, 0, 4765, 0, 0, 0, 4769, 0, 4771, 0, 0, 0, 4775, 0, 4777, 0, 0, 0, 4781, 0, 4783, 0, 0, 0, 4787, 0, 4789, 0, 0, 0, 4793, 0, 4795, 0, 0, 0, 4799, 0, 4801, 0, 0, 0, 4805, 0, 4807, 0, 0, 0, 4811, 0, 4813, 0, 0, 0, 4817, 0, 4819, 0, 0, 0, 4823, 0, 4825, 0, 0, 0, 4829, 0
4831, 0, 0, 0, 4835, 0, 4837, 0, 0, 0, 4841, 0, 4843, 0, 0, 0, 4847, 0, 4849, 0, 0, 0, 4853, 0, 4855, 0, 0, 0, 4859, 0, 4861, 0, 0, 0, 4865, 0, 4867, 0, 0, 0, 4871, 0, 4873, 0, 0, 0, 4877, 0, 4879, 0, 0, 0, 4883, 0, 4885, 0, 0, 0, 4889, 0, 4891, 0, 0, 0, 4895, 0, 4897, 0, 0, 0
